-- MariaDB dump 10.19  Distrib 10.5.15-MariaDB, for debian-linux-gnu (x86_64)
--
-- Host: 127.0.0.1    Database: appointment
-- ------------------------------------------------------
-- Server version	10.9.3-MariaDB-1:10.9.3+maria~ubu2204

/*!40101 SET @OLD_CHARACTER_SET_CLIENT=@@CHARACTER_SET_CLIENT */;
/*!40101 SET @OLD_CHARACTER_SET_RESULTS=@@CHARACTER_SET_RESULTS */;
/*!40101 SET @OLD_COLLATION_CONNECTION=@@COLLATION_CONNECTION */;
/*!40101 SET NAMES utf8mb4 */;
/*!40103 SET @OLD_TIME_ZONE=@@TIME_ZONE */;
/*!40103 SET TIME_ZONE='+00:00' */;
/*!40014 SET @OLD_UNIQUE_CHECKS=@@UNIQUE_CHECKS, UNIQUE_CHECKS=0 */;
/*!40014 SET @OLD_FOREIGN_KEY_CHECKS=@@FOREIGN_KEY_CHECKS, FOREIGN_KEY_CHECKS=0 */;
/*!40101 SET @OLD_SQL_MODE=@@SQL_MODE, SQL_MODE='NO_AUTO_VALUE_ON_ZERO' */;
/*!40111 SET @OLD_SQL_NOTES=@@SQL_NOTES, SQL_NOTES=0 */;

--
-- Table structure for table `appointment_data`
--

DROP TABLE IF EXISTS `appointment_data`;
/*!40101 SET @saved_cs_client     = @@character_set_client */;
/*!40101 SET character_set_client = utf8 */;
CREATE TABLE `appointment_data` (
  `id` bigint(20) unsigned NOT NULL AUTO_INCREMENT,
  `type` varchar(255) COLLATE utf8mb4_unicode_ci NOT NULL,
  `content` longtext COLLATE utf8mb4_unicode_ci NOT NULL,
  `appointment_id` bigint(20) unsigned NOT NULL,
  `created_at` timestamp NULL DEFAULT NULL,
  `updated_at` timestamp NULL DEFAULT NULL,
  PRIMARY KEY (`id`),
  KEY `appointment_data_appointment_id_index` (`appointment_id`),
  CONSTRAINT `appointment_data_appointment_id_foreign` FOREIGN KEY (`appointment_id`) REFERENCES `schedules` (`id`) ON DELETE CASCADE
) ENGINE=InnoDB AUTO_INCREMENT=201 DEFAULT CHARSET=utf8mb4 COLLATE=utf8mb4_unicode_ci;
/*!40101 SET character_set_client = @saved_cs_client */;

--
-- Dumping data for table `appointment_data`
--

LOCK TABLES `appointment_data` WRITE;
/*!40000 ALTER TABLE `appointment_data` DISABLE KEYS */;
INSERT INTO `appointment_data` VALUES (1,'doc','Example random data 1',1,'2022-10-19 11:33:07','2022-10-19 11:33:07'),(2,'video','Example random data 1',1,'2022-10-19 11:33:07','2022-10-19 11:33:07'),(3,'doc','Example random data 2',2,'2022-10-19 11:33:07','2022-10-19 11:33:07'),(4,'text','Example random data 1',2,'2022-10-19 11:33:08','2022-10-19 11:33:08'),(5,'text','Example random data 3',3,'2022-10-19 11:33:08','2022-10-19 11:33:08'),(6,'pdf','Example random data 3',3,'2022-10-19 11:33:08','2022-10-19 11:33:08'),(7,'file','Example random data 1',4,'2022-10-19 11:33:08','2022-10-19 11:33:08'),(8,'file','Example random data 2',4,'2022-10-19 11:33:08','2022-10-19 11:33:08'),(9,'text','Example random data 2',5,'2022-10-19 11:33:08','2022-10-19 11:33:08'),(10,'file','Example random data 3',5,'2022-10-19 11:33:08','2022-10-19 11:33:08'),(11,'text','Example random data 3',6,'2022-10-19 11:33:08','2022-10-19 11:33:08'),(12,'pdf','Example random data 3',6,'2022-10-19 11:33:08','2022-10-19 11:33:08'),(13,'text','Example random data 1',7,'2022-10-19 11:33:08','2022-10-19 11:33:08'),(14,'video','Example random data 1',7,'2022-10-19 11:33:08','2022-10-19 11:33:08'),(15,'pdf','Example random data 1',8,'2022-10-19 11:33:08','2022-10-19 11:33:08'),(16,'file','Example random data 3',8,'2022-10-19 11:33:08','2022-10-19 11:33:08'),(17,'pdf','Example random data 2',9,'2022-10-19 11:33:08','2022-10-19 11:33:08'),(18,'text','Example random data 2',9,'2022-10-19 11:33:08','2022-10-19 11:33:08'),(19,'text','Example random data 2',10,'2022-10-19 11:33:08','2022-10-19 11:33:08'),(20,'pdf','Example random data 1',10,'2022-10-19 11:33:08','2022-10-19 11:33:08'),(21,'text','Example random data 3',11,'2022-10-19 11:33:08','2022-10-19 11:33:08'),(22,'pdf','Example random data 2',11,'2022-10-19 11:33:08','2022-10-19 11:33:08'),(23,'video','Example random data 3',12,'2022-10-19 11:33:08','2022-10-19 11:33:08'),(24,'pdf','Example random data 2',12,'2022-10-19 11:33:08','2022-10-19 11:33:08'),(25,'pdf','Example random data 1',13,'2022-10-19 11:33:08','2022-10-19 11:33:08'),(26,'text','Example random data 2',13,'2022-10-19 11:33:08','2022-10-19 11:33:08'),(27,'file','Example random data 1',14,'2022-10-19 11:33:08','2022-10-19 11:33:08'),(28,'text','Example random data 1',14,'2022-10-19 11:33:08','2022-10-19 11:33:08'),(29,'doc','Example random data 1',15,'2022-10-19 11:33:08','2022-10-19 11:33:08'),(30,'video','Example random data 3',15,'2022-10-19 11:33:08','2022-10-19 11:33:08'),(31,'file','Example random data 3',16,'2022-10-19 11:33:08','2022-10-19 11:33:08'),(32,'file','Example random data 1',16,'2022-10-19 11:33:08','2022-10-19 11:33:08'),(33,'doc','Example random data 2',17,'2022-10-19 11:33:08','2022-10-19 11:33:08'),(34,'doc','Example random data 3',17,'2022-10-19 11:33:08','2022-10-19 11:33:08'),(35,'doc','Example random data 3',18,'2022-10-19 11:33:08','2022-10-19 11:33:08'),(36,'file','Example random data 2',18,'2022-10-19 11:33:08','2022-10-19 11:33:08'),(37,'doc','Example random data 2',19,'2022-10-19 11:33:08','2022-10-19 11:33:08'),(38,'pdf','Example random data 1',19,'2022-10-19 11:33:08','2022-10-19 11:33:08'),(39,'text','Example random data 1',20,'2022-10-19 11:33:08','2022-10-19 11:33:08'),(40,'file','Example random data 3',20,'2022-10-19 11:33:08','2022-10-19 11:33:08'),(41,'video','Example random data 2',21,'2022-10-19 11:33:08','2022-10-19 11:33:08'),(42,'video','Example random data 3',21,'2022-10-19 11:33:08','2022-10-19 11:33:08'),(43,'file','Example random data 2',22,'2022-10-19 11:33:08','2022-10-19 11:33:08'),(44,'text','Example random data 3',22,'2022-10-19 11:33:08','2022-10-19 11:33:08'),(45,'doc','Example random data 3',23,'2022-10-19 11:33:08','2022-10-19 11:33:08'),(46,'text','Example random data 2',23,'2022-10-19 11:33:08','2022-10-19 11:33:08'),(47,'doc','Example random data 2',24,'2022-10-19 11:33:08','2022-10-19 11:33:08'),(48,'text','Example random data 3',24,'2022-10-19 11:33:08','2022-10-19 11:33:08'),(49,'video','Example random data 2',25,'2022-10-19 11:33:08','2022-10-19 11:33:08'),(50,'video','Example random data 2',25,'2022-10-19 11:33:08','2022-10-19 11:33:08'),(51,'video','Example random data 3',26,'2022-10-19 11:33:08','2022-10-19 11:33:08'),(52,'text','Example random data 1',26,'2022-10-19 11:33:08','2022-10-19 11:33:08'),(53,'text','Example random data 1',27,'2022-10-19 11:33:08','2022-10-19 11:33:08'),(54,'video','Example random data 3',27,'2022-10-19 11:33:08','2022-10-19 11:33:08'),(55,'pdf','Example random data 1',28,'2022-10-19 11:33:08','2022-10-19 11:33:08'),(56,'video','Example random data 1',28,'2022-10-19 11:33:08','2022-10-19 11:33:08'),(57,'video','Example random data 2',29,'2022-10-19 11:33:08','2022-10-19 11:33:08'),(58,'file','Example random data 3',29,'2022-10-19 11:33:08','2022-10-19 11:33:08'),(59,'pdf','Example random data 1',30,'2022-10-19 11:33:08','2022-10-19 11:33:08'),(60,'doc','Example random data 2',30,'2022-10-19 11:33:08','2022-10-19 11:33:08'),(61,'pdf','Example random data 3',31,'2022-10-19 11:33:08','2022-10-19 11:33:08'),(62,'text','Example random data 3',31,'2022-10-19 11:33:08','2022-10-19 11:33:08'),(63,'file','Example random data 3',32,'2022-10-19 11:33:08','2022-10-19 11:33:08'),(64,'video','Example random data 3',32,'2022-10-19 11:33:08','2022-10-19 11:33:08'),(65,'doc','Example random data 1',33,'2022-10-19 11:33:08','2022-10-19 11:33:08'),(66,'pdf','Example random data 1',33,'2022-10-19 11:33:08','2022-10-19 11:33:08'),(67,'text','Example random data 1',34,'2022-10-19 11:33:08','2022-10-19 11:33:08'),(68,'text','Example random data 2',34,'2022-10-19 11:33:08','2022-10-19 11:33:08'),(69,'text','Example random data 1',35,'2022-10-19 11:33:08','2022-10-19 11:33:08'),(70,'file','Example random data 1',35,'2022-10-19 11:33:08','2022-10-19 11:33:08'),(71,'pdf','Example random data 3',36,'2022-10-19 11:33:08','2022-10-19 11:33:08'),(72,'file','Example random data 2',36,'2022-10-19 11:33:08','2022-10-19 11:33:08'),(73,'video','Example random data 2',37,'2022-10-19 11:33:08','2022-10-19 11:33:08'),(74,'file','Example random data 3',37,'2022-10-19 11:33:08','2022-10-19 11:33:08'),(75,'doc','Example random data 3',38,'2022-10-19 11:33:08','2022-10-19 11:33:08'),(76,'doc','Example random data 1',38,'2022-10-19 11:33:08','2022-10-19 11:33:08'),(77,'video','Example random data 3',39,'2022-10-19 11:33:08','2022-10-19 11:33:08'),(78,'doc','Example random data 2',39,'2022-10-19 11:33:08','2022-10-19 11:33:08'),(79,'file','Example random data 3',40,'2022-10-19 11:33:08','2022-10-19 11:33:08'),(80,'file','Example random data 1',40,'2022-10-19 11:33:08','2022-10-19 11:33:08'),(81,'file','Example random data 3',41,'2022-10-19 11:33:08','2022-10-19 11:33:08'),(82,'pdf','Example random data 2',41,'2022-10-19 11:33:08','2022-10-19 11:33:08'),(83,'pdf','Example random data 1',42,'2022-10-19 11:33:08','2022-10-19 11:33:08'),(84,'pdf','Example random data 2',42,'2022-10-19 11:33:08','2022-10-19 11:33:08'),(85,'video','Example random data 2',43,'2022-10-19 11:33:08','2022-10-19 11:33:08'),(86,'video','Example random data 2',43,'2022-10-19 11:33:08','2022-10-19 11:33:08'),(87,'pdf','Example random data 2',44,'2022-10-19 11:33:08','2022-10-19 11:33:08'),(88,'text','Example random data 2',44,'2022-10-19 11:33:08','2022-10-19 11:33:08'),(89,'video','Example random data 2',45,'2022-10-19 11:33:08','2022-10-19 11:33:08'),(90,'video','Example random data 1',45,'2022-10-19 11:33:08','2022-10-19 11:33:08'),(91,'video','Example random data 2',46,'2022-10-19 11:33:08','2022-10-19 11:33:08'),(92,'pdf','Example random data 3',46,'2022-10-19 11:33:08','2022-10-19 11:33:08'),(93,'pdf','Example random data 2',47,'2022-10-19 11:33:08','2022-10-19 11:33:08'),(94,'doc','Example random data 3',47,'2022-10-19 11:33:08','2022-10-19 11:33:08'),(95,'doc','Example random data 3',48,'2022-10-19 11:33:08','2022-10-19 11:33:08'),(96,'file','Example random data 3',48,'2022-10-19 11:33:08','2022-10-19 11:33:08'),(97,'file','Example random data 2',49,'2022-10-19 11:33:08','2022-10-19 11:33:08'),(98,'doc','Example random data 3',49,'2022-10-19 11:33:08','2022-10-19 11:33:08'),(99,'file','Example random data 1',50,'2022-10-19 11:33:08','2022-10-19 11:33:08'),(100,'file','Example random data 1',50,'2022-10-19 11:33:08','2022-10-19 11:33:08'),(101,'video','Example random data 3',51,'2022-10-19 11:33:08','2022-10-19 11:33:08'),(102,'file','Example random data 2',51,'2022-10-19 11:33:08','2022-10-19 11:33:08'),(103,'file','Example random data 3',52,'2022-10-19 11:33:08','2022-10-19 11:33:08'),(104,'doc','Example random data 3',52,'2022-10-19 11:33:08','2022-10-19 11:33:08'),(105,'file','Example random data 3',53,'2022-10-19 11:33:08','2022-10-19 11:33:08'),(106,'doc','Example random data 3',53,'2022-10-19 11:33:08','2022-10-19 11:33:08'),(107,'text','Example random data 2',54,'2022-10-19 11:33:08','2022-10-19 11:33:08'),(108,'doc','Example random data 3',54,'2022-10-19 11:33:08','2022-10-19 11:33:08'),(109,'doc','Example random data 1',55,'2022-10-19 11:33:08','2022-10-19 11:33:08'),(110,'pdf','Example random data 2',55,'2022-10-19 11:33:08','2022-10-19 11:33:08'),(111,'doc','Example random data 2',56,'2022-10-19 11:33:08','2022-10-19 11:33:08'),(112,'video','Example random data 1',56,'2022-10-19 11:33:08','2022-10-19 11:33:08'),(113,'text','Example random data 2',57,'2022-10-19 11:33:08','2022-10-19 11:33:08'),(114,'text','Example random data 3',57,'2022-10-19 11:33:08','2022-10-19 11:33:08'),(115,'text','Example random data 1',58,'2022-10-19 11:33:08','2022-10-19 11:33:08'),(116,'doc','Example random data 2',58,'2022-10-19 11:33:08','2022-10-19 11:33:08'),(117,'doc','Example random data 1',59,'2022-10-19 11:33:08','2022-10-19 11:33:08'),(118,'doc','Example random data 2',59,'2022-10-19 11:33:08','2022-10-19 11:33:08'),(119,'pdf','Example random data 1',60,'2022-10-19 11:33:08','2022-10-19 11:33:08'),(120,'file','Example random data 2',60,'2022-10-19 11:33:08','2022-10-19 11:33:08'),(121,'text','Example random data 2',61,'2022-10-19 11:33:08','2022-10-19 11:33:08'),(122,'text','Example random data 2',61,'2022-10-19 11:33:08','2022-10-19 11:33:08'),(123,'file','Example random data 1',62,'2022-10-19 11:33:08','2022-10-19 11:33:08'),(124,'pdf','Example random data 2',62,'2022-10-19 11:33:08','2022-10-19 11:33:08'),(125,'file','Example random data 1',63,'2022-10-19 11:33:08','2022-10-19 11:33:08'),(126,'pdf','Example random data 1',63,'2022-10-19 11:33:08','2022-10-19 11:33:08'),(127,'text','Example random data 1',64,'2022-10-19 11:33:08','2022-10-19 11:33:08'),(128,'video','Example random data 3',64,'2022-10-19 11:33:08','2022-10-19 11:33:08'),(129,'video','Example random data 1',65,'2022-10-19 11:33:08','2022-10-19 11:33:08'),(130,'video','Example random data 2',65,'2022-10-19 11:33:08','2022-10-19 11:33:08'),(131,'doc','Example random data 3',66,'2022-10-19 11:33:08','2022-10-19 11:33:08'),(132,'pdf','Example random data 2',66,'2022-10-19 11:33:08','2022-10-19 11:33:08'),(133,'file','Example random data 3',67,'2022-10-19 11:33:08','2022-10-19 11:33:08'),(134,'text','Example random data 1',67,'2022-10-19 11:33:08','2022-10-19 11:33:08'),(135,'text','Example random data 1',68,'2022-10-19 11:33:08','2022-10-19 11:33:08'),(136,'video','Example random data 1',68,'2022-10-19 11:33:08','2022-10-19 11:33:08'),(137,'pdf','Example random data 1',69,'2022-10-19 11:33:08','2022-10-19 11:33:08'),(138,'text','Example random data 2',69,'2022-10-19 11:33:08','2022-10-19 11:33:08'),(139,'text','Example random data 1',70,'2022-10-19 11:33:08','2022-10-19 11:33:08'),(140,'doc','Example random data 1',70,'2022-10-19 11:33:08','2022-10-19 11:33:08'),(141,'file','Example random data 3',71,'2022-10-19 11:33:08','2022-10-19 11:33:08'),(142,'file','Example random data 1',71,'2022-10-19 11:33:08','2022-10-19 11:33:08'),(143,'pdf','Example random data 3',72,'2022-10-19 11:33:08','2022-10-19 11:33:08'),(144,'pdf','Example random data 3',72,'2022-10-19 11:33:08','2022-10-19 11:33:08'),(145,'text','Example random data 3',73,'2022-10-19 11:33:08','2022-10-19 11:33:08'),(146,'video','Example random data 2',73,'2022-10-19 11:33:08','2022-10-19 11:33:08'),(147,'file','Example random data 1',74,'2022-10-19 11:33:08','2022-10-19 11:33:08'),(148,'file','Example random data 3',74,'2022-10-19 11:33:08','2022-10-19 11:33:08'),(149,'text','Example random data 3',75,'2022-10-19 11:33:08','2022-10-19 11:33:08'),(150,'video','Example random data 3',75,'2022-10-19 11:33:08','2022-10-19 11:33:08'),(151,'pdf','Example random data 3',76,'2022-10-19 11:33:08','2022-10-19 11:33:08'),(152,'text','Example random data 3',76,'2022-10-19 11:33:08','2022-10-19 11:33:08'),(153,'text','Example random data 1',77,'2022-10-19 11:33:08','2022-10-19 11:33:08'),(154,'pdf','Example random data 2',77,'2022-10-19 11:33:08','2022-10-19 11:33:08'),(155,'text','Example random data 2',78,'2022-10-19 11:33:08','2022-10-19 11:33:08'),(156,'file','Example random data 2',78,'2022-10-19 11:33:08','2022-10-19 11:33:08'),(157,'video','Example random data 3',79,'2022-10-19 11:33:08','2022-10-19 11:33:08'),(158,'video','Example random data 3',79,'2022-10-19 11:33:08','2022-10-19 11:33:08'),(159,'video','Example random data 2',80,'2022-10-19 11:33:08','2022-10-19 11:33:08'),(160,'pdf','Example random data 1',80,'2022-10-19 11:33:08','2022-10-19 11:33:08'),(161,'doc','Example random data 3',81,'2022-10-19 11:33:08','2022-10-19 11:33:08'),(162,'pdf','Example random data 2',81,'2022-10-19 11:33:08','2022-10-19 11:33:08'),(163,'text','Example random data 2',82,'2022-10-19 11:33:08','2022-10-19 11:33:08'),(164,'video','Example random data 3',82,'2022-10-19 11:33:08','2022-10-19 11:33:08'),(165,'file','Example random data 1',83,'2022-10-19 11:33:08','2022-10-19 11:33:08'),(166,'doc','Example random data 3',83,'2022-10-19 11:33:08','2022-10-19 11:33:08'),(167,'file','Example random data 3',84,'2022-10-19 11:33:08','2022-10-19 11:33:08'),(168,'text','Example random data 3',84,'2022-10-19 11:33:08','2022-10-19 11:33:08'),(169,'pdf','Example random data 3',85,'2022-10-19 11:33:08','2022-10-19 11:33:08'),(170,'text','Example random data 1',85,'2022-10-19 11:33:08','2022-10-19 11:33:08'),(171,'text','Example random data 3',86,'2022-10-19 11:33:08','2022-10-19 11:33:08'),(172,'file','Example random data 2',86,'2022-10-19 11:33:08','2022-10-19 11:33:08'),(173,'pdf','Example random data 1',87,'2022-10-19 11:33:08','2022-10-19 11:33:08'),(174,'video','Example random data 3',87,'2022-10-19 11:33:08','2022-10-19 11:33:08'),(175,'pdf','Example random data 3',88,'2022-10-19 11:33:08','2022-10-19 11:33:08'),(176,'doc','Example random data 2',88,'2022-10-19 11:33:08','2022-10-19 11:33:08'),(177,'text','Example random data 2',89,'2022-10-19 11:33:08','2022-10-19 11:33:08'),(178,'file','Example random data 1',89,'2022-10-19 11:33:08','2022-10-19 11:33:08'),(179,'doc','Example random data 2',90,'2022-10-19 11:33:08','2022-10-19 11:33:08'),(180,'file','Example random data 2',90,'2022-10-19 11:33:08','2022-10-19 11:33:08'),(181,'text','Example random data 2',91,'2022-10-19 11:33:08','2022-10-19 11:33:08'),(182,'doc','Example random data 2',91,'2022-10-19 11:33:08','2022-10-19 11:33:08'),(183,'doc','Example random data 3',92,'2022-10-19 11:33:08','2022-10-19 11:33:08'),(184,'video','Example random data 2',92,'2022-10-19 11:33:08','2022-10-19 11:33:08'),(185,'file','Example random data 2',93,'2022-10-19 11:33:08','2022-10-19 11:33:08'),(186,'doc','Example random data 3',93,'2022-10-19 11:33:08','2022-10-19 11:33:08'),(187,'pdf','Example random data 3',94,'2022-10-19 11:33:08','2022-10-19 11:33:08'),(188,'video','Example random data 2',94,'2022-10-19 11:33:08','2022-10-19 11:33:08'),(189,'file','Example random data 3',95,'2022-10-19 11:33:08','2022-10-19 11:33:08'),(190,'video','Example random data 3',95,'2022-10-19 11:33:08','2022-10-19 11:33:08'),(191,'text','Example random data 1',96,'2022-10-19 11:33:08','2022-10-19 11:33:08'),(192,'file','Example random data 2',96,'2022-10-19 11:33:08','2022-10-19 11:33:08'),(193,'video','Example random data 1',97,'2022-10-19 11:33:08','2022-10-19 11:33:08'),(194,'video','Example random data 3',97,'2022-10-19 11:33:08','2022-10-19 11:33:08'),(195,'video','Example random data 2',98,'2022-10-19 11:33:08','2022-10-19 11:33:08'),(196,'doc','Example random data 3',98,'2022-10-19 11:33:08','2022-10-19 11:33:08'),(197,'text','Example random data 1',99,'2022-10-19 11:33:08','2022-10-19 11:33:08'),(198,'video','Example random data 1',99,'2022-10-19 11:33:08','2022-10-19 11:33:08'),(199,'text','Example random data 3',100,'2022-10-19 11:33:08','2022-10-19 11:33:08'),(200,'text','Example random data 3',100,'2022-10-19 11:33:08','2022-10-19 11:33:08');
/*!40000 ALTER TABLE `appointment_data` ENABLE KEYS */;
UNLOCK TABLES;

--
-- Table structure for table `appointments`
--

DROP TABLE IF EXISTS `appointments`;
/*!40101 SET @saved_cs_client     = @@character_set_client */;
/*!40101 SET character_set_client = utf8 */;
CREATE TABLE `appointments` (
  `id` bigint(20) unsigned NOT NULL AUTO_INCREMENT,
  `notes` varchar(255) COLLATE utf8mb4_unicode_ci DEFAULT NULL,
  `created_at` timestamp NULL DEFAULT NULL,
  `updated_at` timestamp NULL DEFAULT NULL,
  `schedule_id` bigint(20) unsigned NOT NULL,
  `user_id` bigint(20) unsigned NOT NULL,
  PRIMARY KEY (`id`),
  KEY `appointments_schedule_id_index` (`schedule_id`),
  KEY `appointments_user_id_index` (`user_id`),
  CONSTRAINT `appointments_schedule_id_foreign` FOREIGN KEY (`schedule_id`) REFERENCES `schedules` (`id`) ON DELETE CASCADE,
  CONSTRAINT `appointments_user_id_foreign` FOREIGN KEY (`user_id`) REFERENCES `users` (`id`) ON DELETE CASCADE
) ENGINE=InnoDB AUTO_INCREMENT=101 DEFAULT CHARSET=utf8mb4 COLLATE=utf8mb4_unicode_ci;
/*!40101 SET character_set_client = @saved_cs_client */;

--
-- Dumping data for table `appointments`
--

LOCK TABLES `appointments` WRITE;
/*!40000 ALTER TABLE `appointments` DISABLE KEYS */;
INSERT INTO `appointments` VALUES (1,'Nobis perferendis deserunt est reiciendis. Ut sed quia vel culpa labore.','2022-10-19 11:33:07','2022-10-19 11:33:07',56,42),(2,'Molestiae aut minus nobis nemo. Soluta libero perspiciatis enim omnis quis ipsam. Ex vitae nihil omnis ab. Quaerat possimus ut neque rem quia eveniet placeat.','2022-10-19 11:33:07','2022-10-19 11:33:07',65,4),(3,'Dolor nihil similique delectus consequatur qui id. Qui consectetur adipisci voluptas nam eos doloremque numquam omnis. Quam eius id voluptatem eaque et officia. Modi distinctio optio est eligendi.','2022-10-19 11:33:08','2022-10-19 11:33:08',43,9),(4,'Velit quam ut voluptas et. Rerum necessitatibus tenetur est. In quibusdam tempore voluptatibus fugiat et facilis eum.','2022-10-19 11:33:08','2022-10-19 11:33:08',25,49),(5,'Aperiam eos dignissimos nisi ut iusto. Molestiae soluta reprehenderit commodi adipisci. Blanditiis vero at dignissimos ratione possimus dolore asperiores. Eos in autem esse veritatis qui soluta unde.','2022-10-19 11:33:08','2022-10-19 11:33:08',2,40),(6,'Molestias tenetur rerum mollitia omnis distinctio rerum. Officiis qui itaque officiis voluptatem excepturi. Aliquid occaecati aliquam atque dolorem qui perspiciatis repellendus error.','2022-10-19 11:33:08','2022-10-19 11:33:08',52,5),(7,'Aut in omnis ea et ullam qui. Occaecati quos eius eos a deserunt temporibus. Nisi quod tenetur a repellendus aut voluptatum facilis.','2022-10-19 11:33:08','2022-10-19 11:33:08',58,1),(8,'Veritatis quasi dicta optio omnis necessitatibus. Officia recusandae voluptatem asperiores ut fuga eum. Consequatur ut vitae a at nisi fuga labore. Nobis rem ipsam ut.','2022-10-19 11:33:08','2022-10-19 11:33:08',98,9),(9,'Sed voluptatem vitae aspernatur voluptatibus. Maxime amet expedita sit ut. Vel qui autem consectetur. Et consectetur aut sint atque totam.','2022-10-19 11:33:08','2022-10-19 11:33:08',74,33),(10,'Velit et rerum maiores nihil iste facilis possimus. Rerum fuga ea asperiores excepturi aut ducimus et. Necessitatibus laborum ut ut repudiandae voluptatum nobis rerum. Repellat id aut sed eos nobis.','2022-10-19 11:33:08','2022-10-19 11:33:08',41,39),(11,'Architecto ut nemo officiis vitae commodi. Quisquam asperiores consequatur omnis sit temporibus earum. Veniam blanditiis velit enim ad aut ipsam optio. Qui quae sunt qui ut vel iure quia.','2022-10-19 11:33:08','2022-10-19 11:33:08',84,43),(12,'Nemo et et quia excepturi corrupti. Dolore nihil ut qui sequi. Quia sit recusandae ut consequatur numquam ea. Recusandae blanditiis consequatur quae mollitia.','2022-10-19 11:33:08','2022-10-19 11:33:08',34,23),(13,'Fugiat porro non ab autem. Minima minus quaerat quo rerum. Laudantium dolorem cum vel quod quia voluptatem.','2022-10-19 11:33:08','2022-10-19 11:33:08',66,49),(14,'Voluptatibus sed quia doloribus sapiente repudiandae. Velit eligendi possimus autem. Voluptatem consequuntur est enim illum. Sint occaecati excepturi sunt qui nihil fugiat quaerat.','2022-10-19 11:33:08','2022-10-19 11:33:08',96,33),(15,'Nihil porro sed voluptatem sint dignissimos dolorem sunt. Qui mollitia beatae qui in dolores aut magni. Inventore sapiente qui sit mollitia amet voluptatem libero aut.','2022-10-19 11:33:08','2022-10-19 11:33:08',13,21),(16,'Nobis dolores atque deleniti porro sed. Dolores illum et dolorem nam veniam molestiae accusamus. Et id magnam praesentium voluptatem.','2022-10-19 11:33:08','2022-10-19 11:33:08',64,8),(17,'Aut iure nisi molestiae provident. Ducimus velit ea eius quas. Et ea voluptate non fugit qui aut ut. Quia rerum saepe consequatur.','2022-10-19 11:33:08','2022-10-19 11:33:08',49,12),(18,'Eum eos est sit quis alias dolor fuga. Aut est reiciendis alias qui dicta aut corrupti. Quis at labore et error sint.','2022-10-19 11:33:08','2022-10-19 11:33:08',21,48),(19,'Et natus fuga cum voluptas sapiente. Cum reiciendis quis sed qui neque corporis. Officiis non sunt eaque aliquam aut laborum eaque.','2022-10-19 11:33:08','2022-10-19 11:33:08',26,24),(20,'Soluta repellendus aliquam ut harum molestiae rem. Suscipit quae aut labore id atque. Quaerat voluptate rerum laboriosam ducimus. Non porro voluptate quia et ullam praesentium perferendis.','2022-10-19 11:33:08','2022-10-19 11:33:08',17,39),(21,'Fuga natus omnis aspernatur deserunt. Harum mollitia qui iusto a harum molestiae. Consequuntur quo fugit maiores molestias optio autem id.','2022-10-19 11:33:08','2022-10-19 11:33:08',32,9),(22,'Dolorum quo enim placeat est. Et voluptas adipisci quas id vel. Ab eum ut magni et eum.','2022-10-19 11:33:08','2022-10-19 11:33:08',35,27),(23,'Enim maiores dolor ab. Quaerat distinctio commodi harum eaque quia ullam nemo. A vel ipsa cupiditate temporibus aut.','2022-10-19 11:33:08','2022-10-19 11:33:08',89,29),(24,'Quis quod occaecati quis esse nesciunt. Qui pariatur molestiae consequuntur reiciendis. Vel eveniet et sapiente error vel. Fuga explicabo aut sit excepturi dolor et.','2022-10-19 11:33:08','2022-10-19 11:33:08',59,46),(25,'Ut aut impedit culpa quis vel enim qui velit. Molestiae ex est et rerum quos perspiciatis ab. Ut hic illo fuga animi.','2022-10-19 11:33:08','2022-10-19 11:33:08',59,16),(26,'Excepturi qui nemo neque ex libero dolorem architecto animi. Dolorem qui libero omnis vero laudantium vel. Qui perspiciatis voluptatibus et sed harum.','2022-10-19 11:33:08','2022-10-19 11:33:08',3,4),(27,'Provident quaerat aut natus. Aperiam dignissimos rerum officiis nulla dicta suscipit quis. Deleniti officia rem fuga provident excepturi magni non.','2022-10-19 11:33:08','2022-10-19 11:33:08',49,30),(28,'Sapiente error deserunt qui sed accusantium saepe eum saepe. Impedit voluptatum autem cumque et. Vero sunt magni veniam nemo nisi laborum et. Impedit quas rerum et natus.','2022-10-19 11:33:08','2022-10-19 11:33:08',92,25),(29,'Commodi natus excepturi vero dolorem ea rem. Voluptatem rerum amet eaque. Est natus reiciendis minima distinctio aspernatur. Ipsa quo porro sit fugiat.','2022-10-19 11:33:08','2022-10-19 11:33:08',12,25),(30,'Nesciunt aliquam et aut maiores. Quia atque fuga eveniet est eos et. Dolor ducimus ipsam velit sint. Repellendus itaque iusto voluptas esse. Illo vel corrupti et odit porro.','2022-10-19 11:33:08','2022-10-19 11:33:08',6,44),(31,'Ducimus fugit et ratione cumque dolores veritatis. Cupiditate omnis id dicta voluptas facere. Minus provident amet consequatur. Qui numquam ut qui velit quaerat id iure corporis.','2022-10-19 11:33:08','2022-10-19 11:33:08',100,16),(32,'Et quo voluptates et consequatur. Eum rerum aut tempora molestias aliquam. Ut illum provident id reiciendis veritatis.','2022-10-19 11:33:08','2022-10-19 11:33:08',59,14),(33,'Aliquid ut alias sint incidunt magnam. Sit et sed consequatur necessitatibus aperiam. Culpa earum modi officiis praesentium nihil possimus.','2022-10-19 11:33:08','2022-10-19 11:33:08',47,40),(34,'Quia consequatur nulla sit provident quia. In ipsa ex quasi et modi. Ut itaque reprehenderit odio vitae nostrum et rem. Optio magnam neque voluptatem adipisci sit et animi.','2022-10-19 11:33:08','2022-10-19 11:33:08',18,28),(35,'Aspernatur ut facere dolorem quo sed distinctio. Qui repudiandae neque enim est. Voluptas nihil dolores nesciunt quaerat aliquam. Eveniet consequatur et provident repellat a ex.','2022-10-19 11:33:08','2022-10-19 11:33:08',78,43),(36,'Earum et sunt voluptatum reiciendis. Qui nihil aut deserunt accusamus. Quis consequatur ex fugit non officia. Est eaque aspernatur et animi ipsam illum quia. Aliquam voluptates eum enim odio.','2022-10-19 11:33:08','2022-10-19 11:33:08',25,25),(37,'Illum voluptas magni dicta odio. Distinctio cum maxime enim saepe. Assumenda iste praesentium suscipit accusantium eum magnam beatae.','2022-10-19 11:33:08','2022-10-19 11:33:08',97,24),(38,'Inventore iusto cum voluptatem fugit quis necessitatibus. Eligendi est aliquam sed qui ipsam magni ea sunt.','2022-10-19 11:33:08','2022-10-19 11:33:08',7,31),(39,'Eius quas exercitationem voluptatem pariatur. Adipisci consequatur sed ipsum magnam. Qui optio et in odio. Recusandae laborum minus earum sunt qui odio.','2022-10-19 11:33:08','2022-10-19 11:33:08',14,35),(40,'Repellat laboriosam ullam aperiam laborum est quae. Aut doloremque sed sint voluptatibus quo. Deleniti temporibus dolor iure perferendis esse sequi dolores.','2022-10-19 11:33:08','2022-10-19 11:33:08',84,36),(41,'Minus non optio voluptas sed. In enim commodi ut cumque quis quas. Architecto debitis sunt facere debitis velit dolor. Ut dolorem quam saepe facilis possimus sit.','2022-10-19 11:33:08','2022-10-19 11:33:08',18,17),(42,'Quos sint voluptatem voluptates. Rerum quae voluptates nemo explicabo. Voluptatem doloribus quasi et ab nihil culpa. Iure ducimus quia exercitationem repellat.','2022-10-19 11:33:08','2022-10-19 11:33:08',94,2),(43,'Magni commodi esse earum sunt libero autem. Vel consequatur et sint. Quam quae numquam dolor omnis et asperiores.','2022-10-19 11:33:08','2022-10-19 11:33:08',50,42),(44,'Accusantium aliquam exercitationem et suscipit. Quae assumenda ex ad. Voluptatem doloremque reprehenderit natus et iste dolores.','2022-10-19 11:33:08','2022-10-19 11:33:08',79,32),(45,'Et et labore aliquam. Vel assumenda molestiae magnam aliquam sed a ducimus eligendi. Culpa quaerat nemo vel nemo quam assumenda maxime. Voluptatibus harum ut quia sint quia et accusantium dolorum.','2022-10-19 11:33:08','2022-10-19 11:33:08',33,14),(46,'Vitae id rerum excepturi aliquam accusantium quasi. Adipisci repellendus qui repellat.','2022-10-19 11:33:08','2022-10-19 11:33:08',74,9),(47,'Ea perferendis incidunt beatae voluptate. Sapiente a dolore ratione doloremque minima. Ab dolor ipsa ipsa perferendis ducimus unde.','2022-10-19 11:33:08','2022-10-19 11:33:08',98,34),(48,'Vel totam facilis accusamus nam est dolorem nam aut. Minima distinctio eius alias qui explicabo sed. Adipisci id provident hic nesciunt repellat eum repudiandae consequatur.','2022-10-19 11:33:08','2022-10-19 11:33:08',65,18),(49,'Voluptatem aliquam hic recusandae occaecati nesciunt possimus iste. Hic rerum alias quis doloribus quos nobis quibusdam. Quae asperiores sint commodi nemo.','2022-10-19 11:33:08','2022-10-19 11:33:08',14,21),(50,'Deserunt et dolore occaecati deserunt dicta distinctio. Accusantium vel at voluptas dolorem commodi laboriosam. Molestias at et sit.','2022-10-19 11:33:08','2022-10-19 11:33:08',97,43),(51,'Aliquid ea ad ipsa. Voluptates laboriosam eaque voluptas inventore. Iste eius nam magnam accusantium qui ea. Et sunt blanditiis sed fugit et et et.','2022-10-19 11:33:08','2022-10-19 11:33:08',47,5),(52,'Itaque nesciunt omnis nihil minima eos. Fuga quos enim hic distinctio ut et inventore deserunt. Et est molestiae illum.','2022-10-19 11:33:08','2022-10-19 11:33:08',23,46),(53,'Aut vel commodi et ut molestiae odio. Veritatis qui iste eum autem vel. Quia tempore fuga dolores sunt veniam. Nisi et aspernatur qui aut ut ea inventore.','2022-10-19 11:33:08','2022-10-19 11:33:08',74,16),(54,'Vitae vel sunt officia rem et. Aut atque tempora laudantium asperiores eos commodi. Sit quibusdam nihil quas odit temporibus similique quos.','2022-10-19 11:33:08','2022-10-19 11:33:08',30,34),(55,'Voluptatem et sint mollitia et ab ab cupiditate. Dolor et quas ipsa perferendis dignissimos nobis laudantium. Rerum sunt temporibus odit.','2022-10-19 11:33:08','2022-10-19 11:33:08',76,26),(56,'Dolores autem soluta aliquid odit illo et sapiente. Accusamus enim hic doloribus atque repudiandae. Voluptatem qui nihil culpa quisquam ratione aliquid amet.','2022-10-19 11:33:08','2022-10-19 11:33:08',39,3),(57,'Aut eaque occaecati ad labore. Aut occaecati tenetur debitis. Dolor minus saepe et. Dolorum aperiam quam nemo unde aliquam ipsum nemo et. Ducimus est nihil illum fugit debitis ut quia.','2022-10-19 11:33:08','2022-10-19 11:33:08',39,5),(58,'Fugiat quod quam in omnis inventore. Reiciendis deleniti repellat corrupti mollitia corporis voluptas. Quisquam sed eaque consectetur animi explicabo mollitia voluptate.','2022-10-19 11:33:08','2022-10-19 11:33:08',23,11),(59,'Et enim velit voluptas soluta. Quas aut labore veniam.','2022-10-19 11:33:08','2022-10-19 11:33:08',20,31),(60,'Id dolor ea omnis. Non delectus voluptates est sit. Consequatur expedita corporis voluptatum molestiae. Sint veniam assumenda aut omnis quos quia blanditiis.','2022-10-19 11:33:08','2022-10-19 11:33:08',45,4),(61,'Animi earum fugiat voluptate. Molestiae maxime exercitationem ut consequatur molestiae.','2022-10-19 11:33:08','2022-10-19 11:33:08',63,36),(62,'Nulla et neque corporis omnis tempore possimus facilis. Sit recusandae unde id similique ea rerum dolores. Voluptatum voluptas praesentium et eum.','2022-10-19 11:33:08','2022-10-19 11:33:08',74,12),(63,'Illum aut sed sed illo. Occaecati alias excepturi suscipit et id. Nihil molestias rerum omnis ullam recusandae voluptatum.','2022-10-19 11:33:08','2022-10-19 11:33:08',31,33),(64,'Exercitationem enim soluta enim culpa omnis. Quos alias sed et dolores ut.','2022-10-19 11:33:08','2022-10-19 11:33:08',85,12),(65,'Ea sed voluptate nobis est iusto perspiciatis voluptas. Sed tempore amet eaque quia omnis unde. Culpa nisi est beatae corporis impedit voluptatem quam nisi. Iusto adipisci ipsam neque sit rem et.','2022-10-19 11:33:08','2022-10-19 11:33:08',36,40),(66,'Illum nostrum et dolores quis natus. Mollitia dolore consequatur sunt esse aut animi eum. Quis iure labore incidunt et harum officiis voluptates dolorem.','2022-10-19 11:33:08','2022-10-19 11:33:08',20,45),(67,'Fugiat voluptate consequuntur molestias sint ut voluptatibus recusandae. Iusto exercitationem modi corporis et autem iusto et.','2022-10-19 11:33:08','2022-10-19 11:33:08',72,14),(68,'Quos quod aut aliquid earum eveniet. Quo quos iure placeat aut. Sequi sed illo non. Dolor nihil laudantium et est ea. Saepe aut nam molestiae quas ut.','2022-10-19 11:33:08','2022-10-19 11:33:08',62,40),(69,'Possimus accusamus ut officia ea. Accusamus harum saepe optio repellendus. Facere veniam cupiditate dolorem maxime aut sint. Ipsam consequatur harum dolore.','2022-10-19 11:33:08','2022-10-19 11:33:08',89,19),(70,'Praesentium nemo magni officiis aut eligendi quae. Maxime cum cum corrupti doloribus nam voluptates animi necessitatibus. Amet consequatur est sequi culpa alias itaque provident.','2022-10-19 11:33:08','2022-10-19 11:33:08',40,5),(71,'Omnis tenetur dolor necessitatibus distinctio. Aliquam et expedita nam. Repudiandae rerum qui dolore nihil. Ut omnis animi non facere.','2022-10-19 11:33:08','2022-10-19 11:33:08',87,16),(72,'Adipisci sit optio vel dolore magni. Rem nostrum eos rerum porro ratione.','2022-10-19 11:33:08','2022-10-19 11:33:08',96,2),(73,'Aliquam ratione eaque nulla possimus. Reprehenderit ut a cum temporibus quis aut.','2022-10-19 11:33:08','2022-10-19 11:33:08',85,25),(74,'Fugit provident distinctio saepe sit esse exercitationem est. Quibusdam sint veritatis omnis eveniet quos deserunt aut. Consectetur ipsa occaecati omnis est.','2022-10-19 11:33:08','2022-10-19 11:33:08',48,31),(75,'Nihil vel deleniti sunt. Maiores magni et eveniet quae necessitatibus velit. Aperiam voluptate tempore modi nostrum commodi perspiciatis.','2022-10-19 11:33:08','2022-10-19 11:33:08',9,34),(76,'Qui saepe velit ducimus beatae occaecati. Tempora in eius placeat voluptas accusantium ea. Nam odio tempore beatae consequatur eaque deserunt culpa.','2022-10-19 11:33:08','2022-10-19 11:33:08',99,29),(77,'Saepe quos sint libero sit. Sed incidunt omnis sed et temporibus neque. Mollitia ut aut cupiditate nisi deserunt quia tempore. Nisi quasi et aut sint ea ut ullam.','2022-10-19 11:33:08','2022-10-19 11:33:08',8,43),(78,'Pariatur eius quibusdam voluptas maxime asperiores sed. Non quibusdam nihil magni inventore voluptatibus.','2022-10-19 11:33:08','2022-10-19 11:33:08',51,28),(79,'Reprehenderit minus ut sed sapiente qui. Cum maiores facilis autem iure. Eaque eveniet iste repellat eum aut.','2022-10-19 11:33:08','2022-10-19 11:33:08',42,21),(80,'Nemo eveniet beatae aut ea. Enim soluta velit hic voluptatem voluptatem et. Sunt ducimus sed qui quam facilis. Maxime aut minus laborum est veniam quo.','2022-10-19 11:33:08','2022-10-19 11:33:08',34,16),(81,'Explicabo cupiditate quo doloribus sit. Libero dolorem odit quia architecto in aut aut aut. Ut culpa exercitationem ipsum corrupti rem et occaecati.','2022-10-19 11:33:08','2022-10-19 11:33:08',17,6),(82,'Nihil corrupti necessitatibus molestias voluptas ut libero. Odio eum praesentium veniam sed rem esse.','2022-10-19 11:33:08','2022-10-19 11:33:08',29,18),(83,'Qui eveniet natus tenetur aperiam magni. Rem soluta iste minus. Labore accusamus placeat velit incidunt dolores sint nihil.','2022-10-19 11:33:08','2022-10-19 11:33:08',2,31),(84,'Tempore et est magnam magni voluptatem. Ullam sint eligendi qui. Voluptas molestias illum fuga consectetur ut. Aut nihil maxime id commodi enim.','2022-10-19 11:33:08','2022-10-19 11:33:08',57,35),(85,'Non qui id sit incidunt necessitatibus ipsa. Non sint pariatur voluptas incidunt eveniet autem. Qui dolorem voluptatem omnis.','2022-10-19 11:33:08','2022-10-19 11:33:08',22,6),(86,'Quis hic necessitatibus nihil aut. Nihil placeat modi nulla praesentium quia. Commodi velit non fugiat ratione aliquam ex omnis. Rerum itaque quidem provident nobis.','2022-10-19 11:33:08','2022-10-19 11:33:08',5,16),(87,'Nihil corporis nobis cumque enim provident quo. Doloribus commodi consequatur quis optio odio. Autem non velit autem libero nostrum est. Et nam dolor ipsam explicabo modi eos vel.','2022-10-19 11:33:08','2022-10-19 11:33:08',67,21),(88,'Perspiciatis nisi rerum voluptas reiciendis. Non tempora culpa maiores laudantium illum ipsum sunt. Dolorum ad pariatur et sed vitae non aut dignissimos.','2022-10-19 11:33:08','2022-10-19 11:33:08',49,1),(89,'Ut vel magnam vitae ut eius unde et. Voluptatum qui nesciunt laudantium earum aut quisquam. Unde vel non doloremque. Placeat ut voluptatem repudiandae similique.','2022-10-19 11:33:08','2022-10-19 11:33:08',4,40),(90,'Dolorem corporis illo sed ullam similique. Quos laborum aut nesciunt unde numquam quibusdam. Est perferendis et et error soluta. Quia quis distinctio sint deserunt est.','2022-10-19 11:33:08','2022-10-19 11:33:08',1,45),(91,'Distinctio esse et et excepturi eos minus quo. Recusandae aut autem blanditiis beatae ipsa. Asperiores neque repellendus totam nostrum. Reiciendis quidem dolorem laborum.','2022-10-19 11:33:08','2022-10-19 11:33:08',39,8),(92,'Distinctio iusto mollitia et doloremque. Aut pariatur impedit occaecati veritatis ea hic sed. Eum maxime error hic aliquid consequuntur beatae incidunt.','2022-10-19 11:33:08','2022-10-19 11:33:08',60,45),(93,'Voluptatibus animi est odio facilis at dolor. Labore quo ratione ipsam non. Quam consectetur est laudantium voluptatem sed repellat cum temporibus. Deserunt et hic non expedita.','2022-10-19 11:33:08','2022-10-19 11:33:08',78,49),(94,'Repellat est amet voluptas eum. Recusandae nam et tempora animi commodi cumque. Tempore eveniet et consequatur non.','2022-10-19 11:33:08','2022-10-19 11:33:08',57,50),(95,'Reprehenderit recusandae facilis expedita libero sunt quis. Iure et voluptas in consequatur quasi vitae ratione. Nihil cum ratione omnis et et amet error.','2022-10-19 11:33:08','2022-10-19 11:33:08',92,31),(96,'Modi corrupti quaerat ipsam libero voluptatem similique. Animi repellendus quis quam nemo doloremque distinctio vero. Est rerum a est reiciendis tempore aut iste.','2022-10-19 11:33:08','2022-10-19 11:33:08',96,17),(97,'Nesciunt sunt voluptas et et. Ea consequatur sed minus quos. Commodi cum dolor qui numquam maxime rerum est.','2022-10-19 11:33:08','2022-10-19 11:33:08',89,26),(98,'Non tempore sint sunt eum. Quo dolorum repellendus praesentium laboriosam quis libero. Voluptatibus rerum et perferendis reprehenderit ut. Tempora dicta aut odit necessitatibus dolor eveniet impedit.','2022-10-19 11:33:08','2022-10-19 11:33:08',93,21),(99,'Dolore nulla optio quae et et. Repellendus nihil error sequi qui voluptate veniam. Nulla tempora sit optio omnis debitis est modi.','2022-10-19 11:33:08','2022-10-19 11:33:08',42,19),(100,'Et deleniti dolorem exercitationem harum id. Repellendus nihil omnis sit dolores. Deserunt consequatur consectetur quasi illo qui voluptatum. Nobis quia vero dolores aliquid est quia.','2022-10-19 11:33:08','2022-10-19 11:33:08',62,34);
/*!40000 ALTER TABLE `appointments` ENABLE KEYS */;
UNLOCK TABLES;

--
-- Table structure for table `doctor_qualifications`
--

DROP TABLE IF EXISTS `doctor_qualifications`;
/*!40101 SET @saved_cs_client     = @@character_set_client */;
/*!40101 SET character_set_client = utf8 */;
CREATE TABLE `doctor_qualifications` (
  `id` bigint(20) unsigned NOT NULL AUTO_INCREMENT,
  `qualification` varchar(255) COLLATE utf8mb4_unicode_ci NOT NULL,
  `from` date NOT NULL,
  `to` date DEFAULT NULL,
  `user_id` bigint(20) unsigned NOT NULL,
  `created_at` timestamp NULL DEFAULT NULL,
  `updated_at` timestamp NULL DEFAULT NULL,
  PRIMARY KEY (`id`),
  KEY `doctor_qualifications_user_id_index` (`user_id`),
  CONSTRAINT `doctor_qualifications_user_id_foreign` FOREIGN KEY (`user_id`) REFERENCES `users` (`id`) ON DELETE CASCADE
) ENGINE=InnoDB DEFAULT CHARSET=utf8mb4 COLLATE=utf8mb4_unicode_ci;
/*!40101 SET character_set_client = @saved_cs_client */;

--
-- Dumping data for table `doctor_qualifications`
--

LOCK TABLES `doctor_qualifications` WRITE;
/*!40000 ALTER TABLE `doctor_qualifications` DISABLE KEYS */;
/*!40000 ALTER TABLE `doctor_qualifications` ENABLE KEYS */;
UNLOCK TABLES;

--
-- Table structure for table `failed_jobs`
--

DROP TABLE IF EXISTS `failed_jobs`;
/*!40101 SET @saved_cs_client     = @@character_set_client */;
/*!40101 SET character_set_client = utf8 */;
CREATE TABLE `failed_jobs` (
  `id` bigint(20) unsigned NOT NULL AUTO_INCREMENT,
  `uuid` varchar(255) COLLATE utf8mb4_unicode_ci NOT NULL,
  `connection` text COLLATE utf8mb4_unicode_ci NOT NULL,
  `queue` text COLLATE utf8mb4_unicode_ci NOT NULL,
  `payload` longtext COLLATE utf8mb4_unicode_ci NOT NULL,
  `exception` longtext COLLATE utf8mb4_unicode_ci NOT NULL,
  `failed_at` timestamp NOT NULL DEFAULT current_timestamp(),
  PRIMARY KEY (`id`),
  UNIQUE KEY `failed_jobs_uuid_unique` (`uuid`)
) ENGINE=InnoDB DEFAULT CHARSET=utf8mb4 COLLATE=utf8mb4_unicode_ci;
/*!40101 SET character_set_client = @saved_cs_client */;

--
-- Dumping data for table `failed_jobs`
--

LOCK TABLES `failed_jobs` WRITE;
/*!40000 ALTER TABLE `failed_jobs` DISABLE KEYS */;
/*!40000 ALTER TABLE `failed_jobs` ENABLE KEYS */;
UNLOCK TABLES;

--
-- Table structure for table `migrations`
--

DROP TABLE IF EXISTS `migrations`;
/*!40101 SET @saved_cs_client     = @@character_set_client */;
/*!40101 SET character_set_client = utf8 */;
CREATE TABLE `migrations` (
  `id` int(10) unsigned NOT NULL AUTO_INCREMENT,
  `migration` varchar(255) COLLATE utf8mb4_unicode_ci NOT NULL,
  `batch` int(11) NOT NULL,
  PRIMARY KEY (`id`)
) ENGINE=InnoDB AUTO_INCREMENT=10 DEFAULT CHARSET=utf8mb4 COLLATE=utf8mb4_unicode_ci;
/*!40101 SET character_set_client = @saved_cs_client */;

--
-- Dumping data for table `migrations`
--

LOCK TABLES `migrations` WRITE;
/*!40000 ALTER TABLE `migrations` DISABLE KEYS */;
INSERT INTO `migrations` VALUES (1,'2014_10_12_000000_create_users_table',1),(2,'2014_10_12_100000_create_password_resets_table',1),(3,'2019_08_19_000000_create_failed_jobs_table',1),(4,'2019_12_14_000001_create_personal_access_tokens_table',1),(5,'2022_10_10_114845_create_permission_tables',1),(6,'2022_10_10_122247_create_schedules_table',1),(7,'2022_10_10_122258_create_appointments_table',1),(8,'2022_10_10_122316_create_appointment_data_table',1),(9,'2022_10_15_062114_create_doctor_qualifications_table',1);
/*!40000 ALTER TABLE `migrations` ENABLE KEYS */;
UNLOCK TABLES;

--
-- Table structure for table `model_has_permissions`
--

DROP TABLE IF EXISTS `model_has_permissions`;
/*!40101 SET @saved_cs_client     = @@character_set_client */;
/*!40101 SET character_set_client = utf8 */;
CREATE TABLE `model_has_permissions` (
  `permission_id` bigint(20) unsigned NOT NULL,
  `model_type` varchar(255) COLLATE utf8mb4_unicode_ci NOT NULL,
  `model_id` bigint(20) unsigned NOT NULL,
  PRIMARY KEY (`permission_id`,`model_id`,`model_type`),
  KEY `model_has_permissions_model_id_model_type_index` (`model_id`,`model_type`),
  CONSTRAINT `model_has_permissions_permission_id_foreign` FOREIGN KEY (`permission_id`) REFERENCES `permissions` (`id`) ON DELETE CASCADE
) ENGINE=InnoDB DEFAULT CHARSET=utf8mb4 COLLATE=utf8mb4_unicode_ci;
/*!40101 SET character_set_client = @saved_cs_client */;

--
-- Dumping data for table `model_has_permissions`
--

LOCK TABLES `model_has_permissions` WRITE;
/*!40000 ALTER TABLE `model_has_permissions` DISABLE KEYS */;
/*!40000 ALTER TABLE `model_has_permissions` ENABLE KEYS */;
UNLOCK TABLES;

--
-- Table structure for table `model_has_roles`
--

DROP TABLE IF EXISTS `model_has_roles`;
/*!40101 SET @saved_cs_client     = @@character_set_client */;
/*!40101 SET character_set_client = utf8 */;
CREATE TABLE `model_has_roles` (
  `role_id` bigint(20) unsigned NOT NULL,
  `model_type` varchar(255) COLLATE utf8mb4_unicode_ci NOT NULL,
  `model_id` bigint(20) unsigned NOT NULL,
  PRIMARY KEY (`role_id`,`model_id`,`model_type`),
  KEY `model_has_roles_model_id_model_type_index` (`model_id`,`model_type`),
  CONSTRAINT `model_has_roles_role_id_foreign` FOREIGN KEY (`role_id`) REFERENCES `roles` (`id`) ON DELETE CASCADE
) ENGINE=InnoDB DEFAULT CHARSET=utf8mb4 COLLATE=utf8mb4_unicode_ci;
/*!40101 SET character_set_client = @saved_cs_client */;

--
-- Dumping data for table `model_has_roles`
--

LOCK TABLES `model_has_roles` WRITE;
/*!40000 ALTER TABLE `model_has_roles` DISABLE KEYS */;
INSERT INTO `model_has_roles` VALUES (1,'App\\Models\\User',1),(1,'App\\Models\\User',51),(1,'App\\Models\\User',53),(2,'App\\Models\\User',51),(2,'App\\Models\\User',53),(3,'App\\Models\\User',52),(4,'App\\Models\\User',2);
/*!40000 ALTER TABLE `model_has_roles` ENABLE KEYS */;
UNLOCK TABLES;

--
-- Table structure for table `password_resets`
--

DROP TABLE IF EXISTS `password_resets`;
/*!40101 SET @saved_cs_client     = @@character_set_client */;
/*!40101 SET character_set_client = utf8 */;
CREATE TABLE `password_resets` (
  `email` varchar(255) COLLATE utf8mb4_unicode_ci NOT NULL,
  `token` varchar(255) COLLATE utf8mb4_unicode_ci NOT NULL,
  `created_at` timestamp NULL DEFAULT NULL,
  KEY `password_resets_email_index` (`email`)
) ENGINE=InnoDB DEFAULT CHARSET=utf8mb4 COLLATE=utf8mb4_unicode_ci;
/*!40101 SET character_set_client = @saved_cs_client */;

--
-- Dumping data for table `password_resets`
--

LOCK TABLES `password_resets` WRITE;
/*!40000 ALTER TABLE `password_resets` DISABLE KEYS */;
/*!40000 ALTER TABLE `password_resets` ENABLE KEYS */;
UNLOCK TABLES;

--
-- Table structure for table `permissions`
--

DROP TABLE IF EXISTS `permissions`;
/*!40101 SET @saved_cs_client     = @@character_set_client */;
/*!40101 SET character_set_client = utf8 */;
CREATE TABLE `permissions` (
  `id` bigint(20) unsigned NOT NULL AUTO_INCREMENT,
  `name` varchar(255) COLLATE utf8mb4_unicode_ci NOT NULL,
  `guard_name` varchar(255) COLLATE utf8mb4_unicode_ci NOT NULL,
  `created_at` timestamp NULL DEFAULT NULL,
  `updated_at` timestamp NULL DEFAULT NULL,
  PRIMARY KEY (`id`),
  UNIQUE KEY `permissions_name_guard_name_unique` (`name`,`guard_name`)
) ENGINE=InnoDB AUTO_INCREMENT=66 DEFAULT CHARSET=utf8mb4 COLLATE=utf8mb4_unicode_ci;
/*!40101 SET character_set_client = @saved_cs_client */;

--
-- Dumping data for table `permissions`
--

LOCK TABLES `permissions` WRITE;
/*!40000 ALTER TABLE `permissions` DISABLE KEYS */;
INSERT INTO `permissions` VALUES (1,'sanctum.csrf-cookie','web','2022-10-19 11:33:06','2022-10-19 11:33:06'),(2,'page.main','web','2022-10-19 11:33:06','2022-10-19 11:33:06'),(3,'home.index','web','2022-10-19 11:33:06','2022-10-19 11:33:06'),(4,'user.profile','web','2022-10-19 11:33:06','2022-10-19 11:33:06'),(5,'user.index','web','2022-10-19 11:33:06','2022-10-19 11:33:06'),(6,'user.create','web','2022-10-19 11:33:06','2022-10-19 11:33:06'),(7,'user.store','web','2022-10-19 11:33:06','2022-10-19 11:33:06'),(8,'user.show','web','2022-10-19 11:33:07','2022-10-19 11:33:07'),(9,'user.edit','web','2022-10-19 11:33:07','2022-10-19 11:33:07'),(10,'user.update','web','2022-10-19 11:33:07','2022-10-19 11:33:07'),(11,'user.destroy','web','2022-10-19 11:33:07','2022-10-19 11:33:07'),(12,'admin.home.index','web','2022-10-19 11:33:07','2022-10-19 11:33:07'),(13,'admin.doctor-profile.index','web','2022-10-19 11:33:07','2022-10-19 11:33:07'),(14,'admin.doctor-profile.create','web','2022-10-19 11:33:07','2022-10-19 11:33:07'),(15,'admin.doctor-profile.store','web','2022-10-19 11:33:07','2022-10-19 11:33:07'),(16,'admin.doctor-profile.show','web','2022-10-19 11:33:07','2022-10-19 11:33:07'),(17,'admin.doctor-profile.edit','web','2022-10-19 11:33:07','2022-10-19 11:33:07'),(18,'admin.doctor-profile.update','web','2022-10-19 11:33:07','2022-10-19 11:33:07'),(19,'admin.doctor-profile.destroy','web','2022-10-19 11:33:07','2022-10-19 11:33:07'),(20,'schedule.index','web','2022-10-19 11:33:07','2022-10-19 11:33:07'),(21,'schedule.create','web','2022-10-19 11:33:07','2022-10-19 11:33:07'),(22,'schedule.store','web','2022-10-19 11:33:07','2022-10-19 11:33:07'),(23,'schedule.show','web','2022-10-19 11:33:07','2022-10-19 11:33:07'),(24,'schedule.edit','web','2022-10-19 11:33:07','2022-10-19 11:33:07'),(25,'schedule.update','web','2022-10-19 11:33:07','2022-10-19 11:33:07'),(26,'schedule.destroy','web','2022-10-19 11:33:07','2022-10-19 11:33:07'),(27,'appointment.index','web','2022-10-19 11:33:07','2022-10-19 11:33:07'),(28,'appointment.create','web','2022-10-19 11:33:07','2022-10-19 11:33:07'),(29,'appointment.store','web','2022-10-19 11:33:07','2022-10-19 11:33:07'),(30,'appointment.show','web','2022-10-19 11:33:07','2022-10-19 11:33:07'),(31,'appointment.edit','web','2022-10-19 11:33:07','2022-10-19 11:33:07'),(32,'appointment.update','web','2022-10-19 11:33:07','2022-10-19 11:33:07'),(33,'appointment.destroy','web','2022-10-19 11:33:07','2022-10-19 11:33:07'),(34,'appointment-log.index','web','2022-10-19 11:33:07','2022-10-19 11:33:07'),(35,'appointment-log.create','web','2022-10-19 11:33:07','2022-10-19 11:33:07'),(36,'appointment-log.store','web','2022-10-19 11:33:07','2022-10-19 11:33:07'),(37,'appointment-log.show','web','2022-10-19 11:33:07','2022-10-19 11:33:07'),(38,'appointment-log.edit','web','2022-10-19 11:33:07','2022-10-19 11:33:07'),(39,'appointment-log.update','web','2022-10-19 11:33:07','2022-10-19 11:33:07'),(40,'appointment-log.destroy','web','2022-10-19 11:33:07','2022-10-19 11:33:07'),(41,'login','web','2022-10-19 11:33:07','2022-10-19 11:33:07'),(42,'logout','web','2022-10-19 11:33:07','2022-10-19 11:33:07'),(43,'register','web','2022-10-19 11:33:07','2022-10-19 11:33:07'),(44,'password.request','web','2022-10-19 11:33:07','2022-10-19 11:33:07'),(45,'password.email','web','2022-10-19 11:33:07','2022-10-19 11:33:07'),(46,'password.reset','web','2022-10-19 11:33:07','2022-10-19 11:33:07'),(47,'password.update','web','2022-10-19 11:33:07','2022-10-19 11:33:07'),(48,'password.confirm','web','2022-10-19 11:33:07','2022-10-19 11:33:07'),(49,'verification.notice','web','2022-10-19 11:33:07','2022-10-19 11:33:07'),(50,'verification.verify','web','2022-10-19 11:33:07','2022-10-19 11:33:07'),(51,'verification.resend','web','2022-10-19 11:33:07','2022-10-19 11:33:07'),(52,'admin.role.index','web','2022-10-20 04:24:08','2022-10-20 04:24:08'),(53,'admin.role.create','web','2022-10-20 04:24:08','2022-10-20 04:24:08'),(54,'admin.role.store','web','2022-10-20 04:24:08','2022-10-20 04:24:08'),(55,'admin.role.show','web','2022-10-20 04:24:09','2022-10-20 04:24:09'),(56,'admin.role.edit','web','2022-10-20 04:24:09','2022-10-20 04:24:09'),(57,'admin.role.update','web','2022-10-20 04:24:09','2022-10-20 04:24:09'),(58,'admin.role.destroy','web','2022-10-20 04:24:09','2022-10-20 04:24:09'),(59,'admin.permission.index','web','2022-10-20 04:24:09','2022-10-20 04:24:09'),(60,'admin.permission.create','web','2022-10-20 04:24:09','2022-10-20 04:24:09'),(61,'admin.permission.store','web','2022-10-20 04:24:09','2022-10-20 04:24:09'),(62,'admin.permission.show','web','2022-10-20 04:24:09','2022-10-20 04:24:09'),(63,'admin.permission.edit','web','2022-10-20 04:24:09','2022-10-20 04:24:09'),(64,'admin.permission.update','web','2022-10-20 04:24:09','2022-10-20 04:24:09'),(65,'admin.permission.destroy','web','2022-10-20 04:24:09','2022-10-20 04:24:09');
/*!40000 ALTER TABLE `permissions` ENABLE KEYS */;
UNLOCK TABLES;

--
-- Table structure for table `personal_access_tokens`
--

DROP TABLE IF EXISTS `personal_access_tokens`;
/*!40101 SET @saved_cs_client     = @@character_set_client */;
/*!40101 SET character_set_client = utf8 */;
CREATE TABLE `personal_access_tokens` (
  `id` bigint(20) unsigned NOT NULL AUTO_INCREMENT,
  `tokenable_type` varchar(255) COLLATE utf8mb4_unicode_ci NOT NULL,
  `tokenable_id` bigint(20) unsigned NOT NULL,
  `name` varchar(255) COLLATE utf8mb4_unicode_ci NOT NULL,
  `token` varchar(64) COLLATE utf8mb4_unicode_ci NOT NULL,
  `abilities` text COLLATE utf8mb4_unicode_ci DEFAULT NULL,
  `last_used_at` timestamp NULL DEFAULT NULL,
  `expires_at` timestamp NULL DEFAULT NULL,
  `created_at` timestamp NULL DEFAULT NULL,
  `updated_at` timestamp NULL DEFAULT NULL,
  PRIMARY KEY (`id`),
  UNIQUE KEY `personal_access_tokens_token_unique` (`token`),
  KEY `personal_access_tokens_tokenable_type_tokenable_id_index` (`tokenable_type`,`tokenable_id`)
) ENGINE=InnoDB DEFAULT CHARSET=utf8mb4 COLLATE=utf8mb4_unicode_ci;
/*!40101 SET character_set_client = @saved_cs_client */;

--
-- Dumping data for table `personal_access_tokens`
--

LOCK TABLES `personal_access_tokens` WRITE;
/*!40000 ALTER TABLE `personal_access_tokens` DISABLE KEYS */;
/*!40000 ALTER TABLE `personal_access_tokens` ENABLE KEYS */;
UNLOCK TABLES;

--
-- Table structure for table `role_has_permissions`
--

DROP TABLE IF EXISTS `role_has_permissions`;
/*!40101 SET @saved_cs_client     = @@character_set_client */;
/*!40101 SET character_set_client = utf8 */;
CREATE TABLE `role_has_permissions` (
  `permission_id` bigint(20) unsigned NOT NULL,
  `role_id` bigint(20) unsigned NOT NULL,
  PRIMARY KEY (`permission_id`,`role_id`),
  KEY `role_has_permissions_role_id_foreign` (`role_id`),
  CONSTRAINT `role_has_permissions_permission_id_foreign` FOREIGN KEY (`permission_id`) REFERENCES `permissions` (`id`) ON DELETE CASCADE,
  CONSTRAINT `role_has_permissions_role_id_foreign` FOREIGN KEY (`role_id`) REFERENCES `roles` (`id`) ON DELETE CASCADE
) ENGINE=InnoDB DEFAULT CHARSET=utf8mb4 COLLATE=utf8mb4_unicode_ci;
/*!40101 SET character_set_client = @saved_cs_client */;

--
-- Dumping data for table `role_has_permissions`
--

LOCK TABLES `role_has_permissions` WRITE;
/*!40000 ALTER TABLE `role_has_permissions` DISABLE KEYS */;
INSERT INTO `role_has_permissions` VALUES (1,1),(1,4),(2,1),(2,4),(3,1),(3,4),(4,1),(4,4),(5,1),(5,4),(6,1),(7,1),(8,1),(8,4),(9,1),(9,4),(10,1),(10,4),(11,1),(12,1),(13,1),(14,1),(15,1),(16,1),(17,1),(18,1),(19,1),(20,1),(20,4),(21,1),(22,1),(23,1),(23,4),(24,1),(25,1),(26,1),(27,1),(27,4),(28,1),(28,4),(29,1),(29,4),(30,1),(30,4),(31,1),(32,1),(33,1),(33,4),(34,1),(34,4),(35,1),(35,4),(36,1),(36,4),(37,1),(37,4),(38,1),(39,1),(40,1),(40,4),(41,1),(41,4),(42,1),(42,4),(43,1),(44,1),(44,4),(45,1),(45,4),(46,1),(46,4),(47,1),(47,4),(48,1),(48,4),(49,1),(49,4),(50,1),(50,4),(51,1),(51,4),(52,1),(53,1),(54,1),(55,1),(56,1),(57,1),(58,1),(59,1),(60,1),(61,1),(62,1),(63,1),(64,1),(65,1);
/*!40000 ALTER TABLE `role_has_permissions` ENABLE KEYS */;
UNLOCK TABLES;

--
-- Table structure for table `roles`
--

DROP TABLE IF EXISTS `roles`;
/*!40101 SET @saved_cs_client     = @@character_set_client */;
/*!40101 SET character_set_client = utf8 */;
CREATE TABLE `roles` (
  `id` bigint(20) unsigned NOT NULL AUTO_INCREMENT,
  `name` varchar(255) COLLATE utf8mb4_unicode_ci NOT NULL,
  `guard_name` varchar(255) COLLATE utf8mb4_unicode_ci NOT NULL,
  `created_at` timestamp NULL DEFAULT NULL,
  `updated_at` timestamp NULL DEFAULT NULL,
  PRIMARY KEY (`id`),
  UNIQUE KEY `roles_name_guard_name_unique` (`name`,`guard_name`)
) ENGINE=InnoDB AUTO_INCREMENT=5 DEFAULT CHARSET=utf8mb4 COLLATE=utf8mb4_unicode_ci;
/*!40101 SET character_set_client = @saved_cs_client */;

--
-- Dumping data for table `roles`
--

LOCK TABLES `roles` WRITE;
/*!40000 ALTER TABLE `roles` DISABLE KEYS */;
INSERT INTO `roles` VALUES (1,'super admin','web','2022-10-19 11:33:06','2022-10-19 11:33:06'),(2,'manager','web','2022-10-19 11:33:06','2022-10-19 11:33:06'),(3,'doctor','web','2022-10-19 11:33:06','2022-10-19 11:33:06'),(4,'patient','web','2022-10-19 11:33:06','2022-10-19 11:33:06');
/*!40000 ALTER TABLE `roles` ENABLE KEYS */;
UNLOCK TABLES;

--
-- Table structure for table `schedules`
--

DROP TABLE IF EXISTS `schedules`;
/*!40101 SET @saved_cs_client     = @@character_set_client */;
/*!40101 SET character_set_client = utf8 */;
CREATE TABLE `schedules` (
  `id` bigint(20) unsigned NOT NULL AUTO_INCREMENT,
  `from` timestamp NULL DEFAULT NULL,
  `to` timestamp NULL DEFAULT NULL,
  `user_id` bigint(20) unsigned NOT NULL,
  `created_at` timestamp NULL DEFAULT NULL,
  `updated_at` timestamp NULL DEFAULT NULL,
  PRIMARY KEY (`id`),
  KEY `schedules_user_id_index` (`user_id`),
  CONSTRAINT `schedules_user_id_foreign` FOREIGN KEY (`user_id`) REFERENCES `users` (`id`) ON DELETE CASCADE
) ENGINE=InnoDB AUTO_INCREMENT=101 DEFAULT CHARSET=utf8mb4 COLLATE=utf8mb4_unicode_ci;
/*!40101 SET character_set_client = @saved_cs_client */;

--
-- Dumping data for table `schedules`
--

LOCK TABLES `schedules` WRITE;
/*!40000 ALTER TABLE `schedules` DISABLE KEYS */;
INSERT INTO `schedules` VALUES (1,'2022-09-30 13:06:30','2022-09-30 13:36:30',20,'2022-10-19 11:33:07','2022-10-19 11:33:07'),(2,'2022-10-05 04:07:22','2022-10-05 04:37:22',26,'2022-10-19 11:33:07','2022-10-19 11:33:07'),(3,'2022-10-18 18:03:35','2022-10-18 18:33:35',10,'2022-10-19 11:33:07','2022-10-19 11:33:07'),(4,'2022-10-17 11:13:30','2022-10-17 11:43:30',25,'2022-10-19 11:33:07','2022-10-19 11:33:07'),(5,'2022-10-08 21:21:46','2022-10-08 21:51:46',26,'2022-10-19 11:33:07','2022-10-19 11:33:07'),(6,'2022-10-16 02:48:33','2022-10-16 03:18:33',39,'2022-10-19 11:33:07','2022-10-19 11:33:07'),(7,'2022-10-11 21:27:10','2022-10-11 21:57:10',8,'2022-10-19 11:33:07','2022-10-19 11:33:07'),(8,'2022-09-27 08:22:37','2022-09-27 08:52:37',12,'2022-10-19 11:33:07','2022-10-19 11:33:07'),(9,'2022-10-02 06:31:01','2022-10-02 07:01:01',30,'2022-10-19 11:33:07','2022-10-19 11:33:07'),(10,'2022-10-17 08:48:38','2022-10-17 09:18:38',34,'2022-10-19 11:33:07','2022-10-19 11:33:07'),(11,'2022-09-29 01:24:12','2022-09-29 01:54:12',13,'2022-10-19 11:33:07','2022-10-19 11:33:07'),(12,'2022-10-14 12:38:58','2022-10-14 13:08:58',39,'2022-10-19 11:33:07','2022-10-19 11:33:07'),(13,'2022-10-18 18:47:35','2022-10-18 19:17:35',13,'2022-10-19 11:33:07','2022-10-19 11:33:07'),(14,'2022-10-02 11:53:54','2022-10-02 12:23:54',29,'2022-10-19 11:33:07','2022-10-19 11:33:07'),(15,'2022-10-12 06:27:50','2022-10-12 06:57:50',26,'2022-10-19 11:33:07','2022-10-19 11:33:07'),(16,'2022-10-11 01:13:52','2022-10-11 01:43:52',7,'2022-10-19 11:33:07','2022-10-19 11:33:07'),(17,'2022-10-13 11:00:15','2022-10-13 11:30:15',44,'2022-10-19 11:33:07','2022-10-19 11:33:07'),(18,'2022-10-18 14:24:43','2022-10-18 14:54:43',24,'2022-10-19 11:33:07','2022-10-19 11:33:07'),(19,'2022-10-07 09:14:10','2022-10-07 09:44:10',37,'2022-10-19 11:33:07','2022-10-19 11:33:07'),(20,'2022-09-28 07:03:22','2022-09-28 07:33:22',27,'2022-10-19 11:33:07','2022-10-19 11:33:07'),(21,'2022-09-27 05:03:56','2022-09-27 05:33:56',6,'2022-10-19 11:33:07','2022-10-19 11:33:07'),(22,'2022-10-14 19:19:16','2022-10-14 19:49:16',43,'2022-10-19 11:33:07','2022-10-19 11:33:07'),(23,'2022-10-02 01:23:19','2022-10-02 01:53:19',14,'2022-10-19 11:33:07','2022-10-19 11:33:07'),(24,'2022-09-26 17:05:53','2022-09-26 17:35:53',16,'2022-10-19 11:33:07','2022-10-19 11:33:07'),(25,'2022-10-15 22:49:26','2022-10-15 23:19:26',33,'2022-10-19 11:33:07','2022-10-19 11:33:07'),(26,'2022-10-12 18:40:09','2022-10-12 19:10:09',3,'2022-10-19 11:33:07','2022-10-19 11:33:07'),(27,'2022-10-04 01:16:09','2022-10-04 01:46:09',48,'2022-10-19 11:33:07','2022-10-19 11:33:07'),(28,'2022-10-15 07:09:10','2022-10-15 07:39:10',28,'2022-10-19 11:33:07','2022-10-19 11:33:07'),(29,'2022-10-17 18:09:56','2022-10-17 18:39:56',39,'2022-10-19 11:33:07','2022-10-19 11:33:07'),(30,'2022-10-13 09:33:49','2022-10-13 10:03:49',17,'2022-10-19 11:33:07','2022-10-19 11:33:07'),(31,'2022-09-21 22:03:16','2022-09-21 22:33:16',30,'2022-10-19 11:33:07','2022-10-19 11:33:07'),(32,'2022-10-16 11:14:17','2022-10-16 11:44:17',36,'2022-10-19 11:33:07','2022-10-19 11:33:07'),(33,'2022-10-07 13:04:08','2022-10-07 13:34:08',5,'2022-10-19 11:33:07','2022-10-19 11:33:07'),(34,'2022-09-29 16:26:56','2022-09-29 16:56:56',30,'2022-10-19 11:33:07','2022-10-19 11:33:07'),(35,'2022-09-27 05:06:08','2022-09-27 05:36:08',33,'2022-10-19 11:33:07','2022-10-19 11:33:07'),(36,'2022-10-04 18:14:44','2022-10-04 18:44:44',22,'2022-10-19 11:33:07','2022-10-19 11:33:07'),(37,'2022-10-04 18:30:34','2022-10-04 19:00:34',7,'2022-10-19 11:33:07','2022-10-19 11:33:07'),(38,'2022-10-07 10:11:36','2022-10-07 10:41:36',29,'2022-10-19 11:33:07','2022-10-19 11:33:07'),(39,'2022-09-23 02:20:16','2022-09-23 02:50:16',42,'2022-10-19 11:33:07','2022-10-19 11:33:07'),(40,'2022-10-11 19:48:26','2022-10-11 20:18:26',25,'2022-10-19 11:33:07','2022-10-19 11:33:07'),(41,'2022-10-02 14:58:22','2022-10-02 15:28:22',4,'2022-10-19 11:33:07','2022-10-19 11:33:07'),(42,'2022-10-01 22:00:07','2022-10-01 22:30:07',39,'2022-10-19 11:33:07','2022-10-19 11:33:07'),(43,'2022-09-28 01:33:01','2022-09-28 02:03:01',7,'2022-10-19 11:33:07','2022-10-19 11:33:07'),(44,'2022-10-09 02:27:02','2022-10-09 02:57:02',7,'2022-10-19 11:33:07','2022-10-19 11:33:07'),(45,'2022-10-08 02:48:16','2022-10-08 03:18:16',6,'2022-10-19 11:33:07','2022-10-19 11:33:07'),(46,'2022-10-05 15:20:50','2022-10-05 15:50:50',34,'2022-10-19 11:33:07','2022-10-19 11:33:07'),(47,'2022-09-28 12:44:55','2022-09-28 13:14:55',35,'2022-10-19 11:33:07','2022-10-19 11:33:07'),(48,'2022-10-09 16:37:15','2022-10-09 17:07:15',14,'2022-10-19 11:33:07','2022-10-19 11:33:07'),(49,'2022-10-07 04:19:54','2022-10-07 04:49:54',24,'2022-10-19 11:33:07','2022-10-19 11:33:07'),(50,'2022-10-11 12:56:15','2022-10-11 13:26:15',48,'2022-10-19 11:33:07','2022-10-19 11:33:07'),(51,'2022-09-21 19:31:31','2022-09-21 20:01:31',44,'2022-10-19 11:33:07','2022-10-19 11:33:07'),(52,'2022-09-24 13:45:44','2022-09-24 14:15:44',13,'2022-10-19 11:33:07','2022-10-19 11:33:07'),(53,'2022-09-29 13:50:11','2022-09-29 14:20:11',34,'2022-10-19 11:33:07','2022-10-19 11:33:07'),(54,'2022-10-06 14:18:27','2022-10-06 14:48:27',15,'2022-10-19 11:33:07','2022-10-19 11:33:07'),(55,'2022-09-24 14:08:14','2022-09-24 14:38:14',4,'2022-10-19 11:33:07','2022-10-19 11:33:07'),(56,'2022-10-18 19:08:21','2022-10-18 19:38:21',4,'2022-10-19 11:33:07','2022-10-19 11:33:07'),(57,'2022-10-17 03:41:58','2022-10-17 04:11:58',8,'2022-10-19 11:33:07','2022-10-19 11:33:07'),(58,'2022-10-02 23:47:31','2022-10-03 00:17:31',13,'2022-10-19 11:33:07','2022-10-19 11:33:07'),(59,'2022-09-22 00:57:54','2022-09-22 01:27:54',36,'2022-10-19 11:33:07','2022-10-19 11:33:07'),(60,'2022-10-04 10:12:11','2022-10-04 10:42:11',4,'2022-10-19 11:33:07','2022-10-19 11:33:07'),(61,'2022-09-29 13:00:09','2022-09-29 13:30:09',44,'2022-10-19 11:33:07','2022-10-19 11:33:07'),(62,'2022-10-04 17:59:47','2022-10-04 18:29:47',30,'2022-10-19 11:33:07','2022-10-19 11:33:07'),(63,'2022-10-13 21:39:40','2022-10-13 22:09:40',23,'2022-10-19 11:33:07','2022-10-19 11:33:07'),(64,'2022-09-25 19:09:32','2022-09-25 19:39:32',47,'2022-10-19 11:33:07','2022-10-19 11:33:07'),(65,'2022-10-07 18:18:29','2022-10-07 18:48:29',6,'2022-10-19 11:33:07','2022-10-19 11:33:07'),(66,'2022-10-05 18:54:58','2022-10-05 19:24:58',2,'2022-10-19 11:33:07','2022-10-19 11:33:07'),(67,'2022-09-30 15:32:31','2022-09-30 16:02:31',11,'2022-10-19 11:33:07','2022-10-19 11:33:07'),(68,'2022-09-24 01:53:37','2022-09-24 02:23:37',31,'2022-10-19 11:33:07','2022-10-19 11:33:07'),(69,'2022-10-13 21:30:50','2022-10-13 22:00:50',12,'2022-10-19 11:33:07','2022-10-19 11:33:07'),(70,'2022-10-04 21:05:12','2022-10-04 21:35:12',17,'2022-10-19 11:33:07','2022-10-19 11:33:07'),(71,'2022-10-04 04:34:29','2022-10-04 05:04:29',47,'2022-10-19 11:33:07','2022-10-19 11:33:07'),(72,'2022-10-10 23:47:56','2022-10-11 00:17:56',11,'2022-10-19 11:33:07','2022-10-19 11:33:07'),(73,'2022-10-05 19:34:53','2022-10-05 20:04:53',25,'2022-10-19 11:33:07','2022-10-19 11:33:07'),(74,'2022-10-04 00:28:23','2022-10-04 00:58:23',29,'2022-10-19 11:33:07','2022-10-19 11:33:07'),(75,'2022-09-21 14:00:20','2022-09-21 14:30:20',37,'2022-10-19 11:33:07','2022-10-19 11:33:07'),(76,'2022-09-22 16:34:17','2022-09-22 17:04:17',49,'2022-10-19 11:33:07','2022-10-19 11:33:07'),(77,'2022-10-08 13:43:34','2022-10-08 14:13:34',46,'2022-10-19 11:33:07','2022-10-19 11:33:07'),(78,'2022-09-25 03:49:56','2022-09-25 04:19:56',1,'2022-10-19 11:33:07','2022-10-19 11:33:07'),(79,'2022-10-05 01:52:20','2022-10-05 02:22:20',34,'2022-10-19 11:33:07','2022-10-19 11:33:07'),(80,'2022-10-16 20:33:08','2022-10-16 21:03:08',33,'2022-10-19 11:33:07','2022-10-19 11:33:07'),(81,'2022-10-14 00:56:47','2022-10-14 01:26:47',32,'2022-10-19 11:33:07','2022-10-19 11:33:07'),(82,'2022-09-24 22:17:42','2022-09-24 22:47:42',31,'2022-10-19 11:33:07','2022-10-19 11:33:07'),(83,'2022-10-18 00:19:55','2022-10-18 00:49:55',36,'2022-10-19 11:33:07','2022-10-19 11:33:07'),(84,'2022-10-03 04:40:34','2022-10-03 05:10:34',8,'2022-10-19 11:33:07','2022-10-19 11:33:07'),(85,'2022-09-21 21:57:28','2022-09-21 22:27:28',14,'2022-10-19 11:33:07','2022-10-19 11:33:07'),(86,'2022-09-23 05:56:07','2022-09-23 06:26:07',38,'2022-10-19 11:33:07','2022-10-19 11:33:07'),(87,'2022-09-30 09:37:09','2022-09-30 10:07:09',50,'2022-10-19 11:33:07','2022-10-19 11:33:07'),(88,'2022-09-30 18:48:18','2022-09-30 19:18:18',47,'2022-10-19 11:33:07','2022-10-19 11:33:07'),(89,'2022-10-02 11:56:41','2022-10-02 12:26:41',1,'2022-10-19 11:33:07','2022-10-19 11:33:07'),(90,'2022-09-23 04:51:39','2022-09-23 05:21:39',41,'2022-10-19 11:33:07','2022-10-19 11:33:07'),(91,'2022-10-09 03:35:32','2022-10-09 04:05:32',28,'2022-10-19 11:33:07','2022-10-19 11:33:07'),(92,'2022-09-25 03:39:47','2022-09-25 04:09:47',38,'2022-10-19 11:33:07','2022-10-19 11:33:07'),(93,'2022-09-26 12:02:13','2022-09-26 12:32:13',22,'2022-10-19 11:33:07','2022-10-19 11:33:07'),(94,'2022-10-08 23:30:53','2022-10-09 00:00:53',21,'2022-10-19 11:33:07','2022-10-19 11:33:07'),(95,'2022-10-05 02:28:14','2022-10-05 02:58:14',8,'2022-10-19 11:33:07','2022-10-19 11:33:07'),(96,'2022-10-19 06:55:01','2022-10-19 07:25:01',24,'2022-10-19 11:33:07','2022-10-19 11:33:07'),(97,'2022-10-09 03:11:20','2022-10-09 03:41:20',49,'2022-10-19 11:33:07','2022-10-19 11:33:07'),(98,'2022-09-30 13:20:53','2022-09-30 13:50:53',21,'2022-10-19 11:33:07','2022-10-19 11:33:07'),(99,'2022-10-17 07:38:41','2022-10-17 08:08:41',16,'2022-10-19 11:33:07','2022-10-19 11:33:07'),(100,'2022-09-26 07:06:56','2022-09-26 07:36:56',3,'2022-10-19 11:33:07','2022-10-19 11:33:07');
/*!40000 ALTER TABLE `schedules` ENABLE KEYS */;
UNLOCK TABLES;

--
-- Table structure for table `users`
--

DROP TABLE IF EXISTS `users`;
/*!40101 SET @saved_cs_client     = @@character_set_client */;
/*!40101 SET character_set_client = utf8 */;
CREATE TABLE `users` (
  `id` bigint(20) unsigned NOT NULL AUTO_INCREMENT,
  `first_name` varchar(255) COLLATE utf8mb4_unicode_ci NOT NULL,
  `last_name` varchar(255) COLLATE utf8mb4_unicode_ci NOT NULL,
  `mobile` varchar(255) COLLATE utf8mb4_unicode_ci NOT NULL,
  `email` varchar(255) COLLATE utf8mb4_unicode_ci NOT NULL,
  `profile_picture` varchar(255) COLLATE utf8mb4_unicode_ci NOT NULL DEFAULT 'img/profile-default.png',
  `email_verified_at` timestamp NULL DEFAULT NULL,
  `password` varchar(255) COLLATE utf8mb4_unicode_ci NOT NULL,
  `date_of_birth` datetime NOT NULL,
  `remember_token` varchar(100) COLLATE utf8mb4_unicode_ci DEFAULT NULL,
  `created_at` timestamp NULL DEFAULT NULL,
  `updated_at` timestamp NULL DEFAULT NULL,
  `deleted_at` timestamp NULL DEFAULT NULL,
  PRIMARY KEY (`id`),
  UNIQUE KEY `users_email_unique` (`email`),
  KEY `users_first_name_index` (`first_name`),
  KEY `users_last_name_index` (`last_name`),
  KEY `users_mobile_index` (`mobile`)
) ENGINE=InnoDB AUTO_INCREMENT=55 DEFAULT CHARSET=utf8mb4 COLLATE=utf8mb4_unicode_ci;
/*!40101 SET character_set_client = @saved_cs_client */;

--
-- Dumping data for table `users`
--

LOCK TABLES `users` WRITE;
/*!40000 ALTER TABLE `users` DISABLE KEYS */;
INSERT INTO `users` VALUES (1,'Darrell','Stehr','04345266512','1@example.org','img/profile-default.png','2022-10-19 11:33:07','$2y$10$92IXUNpkjO0rOQ5byMi.Ye4oKoEa3Ro9llC/.og/at2.uheWG/igi','1969-08-23 00:00:00','kcXGsyCxymfaF4GltQCnnVuxsw5l5hy2NOXW5b9N3xSYBb9c4Bdc1R212w0o','2022-10-19 11:33:07','2022-10-20 04:32:06','2022-10-20 04:32:06'),(2,'Mathew','Weimann','06405498544','2@example.org','img/profile-default.png','2022-10-19 11:33:07','$2y$10$92IXUNpkjO0rOQ5byMi.Ye4oKoEa3Ro9llC/.og/at2.uheWG/igi','1993-07-05 00:00:00','YblUP1296YvPK3naugNS9TjuDTgcmd2H2ijxEuUsbY0xL7ZaXI5Hs3REtwNG','2022-10-19 11:33:07','2022-10-19 18:04:44',NULL),(3,'Maggie','Cummings','+1-779-341-7321','3.kulas@example.org','img/profile-default.png','2022-10-19 11:33:07','$2y$10$92IXUNpkjO0rOQ5byMi.Ye4oKoEa3Ro9llC/.og/at2.uheWG/igi','1977-10-30 13:50:15','2p0BVcsW4z','2022-10-19 11:33:07','2022-10-19 11:33:07',NULL),(4,'Eusebio','Quigley','(941) 724-4860','4@example.org','img/profile-default.png','2022-10-19 11:33:07','$2y$10$92IXUNpkjO0rOQ5byMi.Ye4oKoEa3Ro9llC/.og/at2.uheWG/igi','1947-01-18 00:38:22','r3KbSVjJCk','2022-10-19 11:33:07','2022-10-19 11:33:07',NULL),(5,'Cordell','Stracke','551-530-7360','layne67@example.com','img/profile-default.png','2022-10-19 11:33:07','$2y$10$92IXUNpkjO0rOQ5byMi.Ye4oKoEa3Ro9llC/.og/at2.uheWG/igi','2004-12-19 00:42:09','eBZEUJLYm1','2022-10-19 11:33:07','2022-10-19 17:29:38','2022-10-19 17:29:38'),(6,'Jamir','Tremblay','+1 (206) 987-3548','lenna.ohara@example.net','img/profile-default.png','2022-10-19 11:33:07','$2y$10$92IXUNpkjO0rOQ5byMi.Ye4oKoEa3Ro9llC/.og/at2.uheWG/igi','2000-08-06 05:45:36','aJjtFTxNGJ','2022-10-19 11:33:07','2022-10-19 11:33:07',NULL),(7,'Henri','Kuhlman','(810) 686-2861','yost.ephraim@example.com','img/profile-default.png','2022-10-19 11:33:07','$2y$10$92IXUNpkjO0rOQ5byMi.Ye4oKoEa3Ro9llC/.og/at2.uheWG/igi','1941-10-04 23:06:47','iqldgSuFEm','2022-10-19 11:33:07','2022-10-19 11:33:07',NULL),(8,'Eula','Denesik','1-445-699-9418','carleton51@example.com','img/profile-default.png','2022-10-19 11:33:07','$2y$10$92IXUNpkjO0rOQ5byMi.Ye4oKoEa3Ro9llC/.og/at2.uheWG/igi','1985-01-24 17:27:55','6dKz8Nxfsw','2022-10-19 11:33:07','2022-10-19 11:33:07',NULL),(9,'Daisy','Gislason','+1-970-825-0877','rossie.kunze@example.com','img/profile-default.png','2022-10-19 11:33:07','$2y$10$92IXUNpkjO0rOQ5byMi.Ye4oKoEa3Ro9llC/.og/at2.uheWG/igi','1963-05-06 01:41:33','5tBo5FC6Zk','2022-10-19 11:33:07','2022-10-19 17:44:26','2022-10-19 17:44:26'),(10,'Ardella','Grant','1-430-914-1789','aiden12@example.net','img/profile-default.png','2022-10-19 11:33:07','$2y$10$92IXUNpkjO0rOQ5byMi.Ye4oKoEa3Ro9llC/.og/at2.uheWG/igi','2010-05-17 19:10:07','HKQ5D9vaDS','2022-10-19 11:33:07','2022-10-19 17:43:00','2022-10-19 17:43:00'),(11,'Bart','Moen','614-702-1085','landen.mclaughlin@example.net','img/profile-default.png','2022-10-19 11:33:07','$2y$10$92IXUNpkjO0rOQ5byMi.Ye4oKoEa3Ro9llC/.og/at2.uheWG/igi','2014-07-24 23:21:50','8hsxRm4MUR','2022-10-19 11:33:07','2022-10-19 11:33:07',NULL),(12,'Lesly','Collins','+1-231-491-5711','zemlak.madelyn@example.net','img/profile-default.png','2022-10-19 11:33:07','$2y$10$92IXUNpkjO0rOQ5byMi.Ye4oKoEa3Ro9llC/.og/at2.uheWG/igi','1975-02-17 01:07:58','EWyEFQOMkL','2022-10-19 11:33:07','2022-10-19 11:33:07',NULL),(13,'Anahi','Nolan','+1 (423) 944-8315','lizzie.howe@example.org','img/profile-default.png','2022-10-19 11:33:07','$2y$10$92IXUNpkjO0rOQ5byMi.Ye4oKoEa3Ro9llC/.og/at2.uheWG/igi','2002-02-24 05:34:20','Jo7DDBt7Qs','2022-10-19 11:33:07','2022-10-19 11:33:07',NULL),(14,'Scottie','Rodriguez','(502) 821-7427','dayne37@example.com','img/profile-default.png','2022-10-19 11:33:07','$2y$10$92IXUNpkjO0rOQ5byMi.Ye4oKoEa3Ro9llC/.og/at2.uheWG/igi','1970-07-20 10:40:58','G7NPqDpOpK','2022-10-19 11:33:07','2022-10-19 11:33:07',NULL),(15,'Celestine','Lebsack','(845) 760-3592','pbreitenberg@example.net','img/profile-default.png','2022-10-19 11:33:07','$2y$10$92IXUNpkjO0rOQ5byMi.Ye4oKoEa3Ro9llC/.og/at2.uheWG/igi','1954-09-01 13:07:55','QILkegMKH9','2022-10-19 11:33:07','2022-10-19 11:33:07',NULL),(16,'Murphy','Schoen','1-352-714-2110','ortiz.bonita@example.net','img/profile-default.png','2022-10-19 11:33:07','$2y$10$92IXUNpkjO0rOQ5byMi.Ye4oKoEa3Ro9llC/.og/at2.uheWG/igi','1992-07-07 05:50:49','0WeyRZknow','2022-10-19 11:33:07','2022-10-19 17:30:25','2022-10-19 17:30:25'),(17,'Abel','Kassulke','908.702.0624','qkilback@example.com','img/profile-default.png','2022-10-19 11:33:07','$2y$10$92IXUNpkjO0rOQ5byMi.Ye4oKoEa3Ro9llC/.og/at2.uheWG/igi','1928-08-22 21:52:55','LJekMbYciG','2022-10-19 11:33:07','2022-10-19 17:40:56','2022-10-19 17:40:56'),(18,'Dillon','Yundt','+1 (458) 856-2835','treynolds@example.net','img/profile-default.png','2022-10-19 11:33:07','$2y$10$92IXUNpkjO0rOQ5byMi.Ye4oKoEa3Ro9llC/.og/at2.uheWG/igi','1930-01-20 06:30:50','EufRFUICN3','2022-10-19 11:33:07','2022-10-19 17:39:13','2022-10-19 17:39:13'),(19,'Ramiro','Hodkiewicz','843.264.5117','hilda58@example.com','img/profile-default.png','2022-10-19 11:33:07','$2y$10$92IXUNpkjO0rOQ5byMi.Ye4oKoEa3Ro9llC/.og/at2.uheWG/igi','1986-01-21 08:21:23','y6vg8ZcaNv','2022-10-19 11:33:07','2022-10-19 17:41:59','2022-10-19 17:41:59'),(20,'Ross','Yundt','+1 (330) 654-0271','greenholt.tabitha@example.com','img/profile-default.png','2022-10-19 11:33:07','$2y$10$92IXUNpkjO0rOQ5byMi.Ye4oKoEa3Ro9llC/.og/at2.uheWG/igi','1984-09-06 03:42:05','YzVJAKftLo','2022-10-19 11:33:07','2022-10-19 11:33:07',NULL),(21,'Jaquan','Nikolaus','+1-640-729-8774','eraynor@example.net','img/profile-default.png','2022-10-19 11:33:07','$2y$10$92IXUNpkjO0rOQ5byMi.Ye4oKoEa3Ro9llC/.og/at2.uheWG/igi','2014-01-09 11:19:55','ZPWUaH8mo0','2022-10-19 11:33:07','2022-10-19 11:33:07',NULL),(22,'Gracie','Johnson','(716) 239-5790','joan15@example.org','img/profile-default.png','2022-10-19 11:33:07','$2y$10$92IXUNpkjO0rOQ5byMi.Ye4oKoEa3Ro9llC/.og/at2.uheWG/igi','2010-04-25 03:25:50','CWdwvoeq0D','2022-10-19 11:33:07','2022-10-19 11:33:07',NULL),(23,'Alene','Ratke','1-831-408-0890','darren04@example.org','img/profile-default.png','2022-10-19 11:33:07','$2y$10$92IXUNpkjO0rOQ5byMi.Ye4oKoEa3Ro9llC/.og/at2.uheWG/igi','1967-09-10 13:35:19','B0rLLMebPP','2022-10-19 11:33:07','2022-10-19 11:33:07',NULL),(24,'Helen','Nicolas','747.649.4812','mertz.ed@example.com','img/profile-default.png','2022-10-19 11:33:07','$2y$10$92IXUNpkjO0rOQ5byMi.Ye4oKoEa3Ro9llC/.og/at2.uheWG/igi','1945-01-31 21:59:08','WnrUc8z7Hl','2022-10-19 11:33:07','2022-10-19 11:33:07',NULL),(25,'Richie','Beahan','(283) 515-9123','nicklaus34@example.com','img/profile-default.png','2022-10-19 11:33:07','$2y$10$92IXUNpkjO0rOQ5byMi.Ye4oKoEa3Ro9llC/.og/at2.uheWG/igi','2006-01-23 01:59:05','8pSvq4BBYw','2022-10-19 11:33:07','2022-10-19 11:33:07',NULL),(26,'Lorna','Jacobs','(561) 775-1831','nicholaus.armstrong@example.org','img/profile-default.png','2022-10-19 11:33:07','$2y$10$92IXUNpkjO0rOQ5byMi.Ye4oKoEa3Ro9llC/.og/at2.uheWG/igi','1937-12-21 04:26:14','zHaJlLf0P3','2022-10-19 11:33:07','2022-10-19 11:33:07',NULL),(27,'Ryley','Heidenreich','(631) 960-9735','greta.goyette@example.com','img/profile-default.png','2022-10-19 11:33:07','$2y$10$92IXUNpkjO0rOQ5byMi.Ye4oKoEa3Ro9llC/.og/at2.uheWG/igi','1988-11-13 23:51:48','wFg0Ts9n02','2022-10-19 11:33:07','2022-10-19 11:33:07',NULL),(28,'Sydnie','Aufderhar','279.562.0834','damon54@example.com','img/profile-default.png','2022-10-19 11:33:07','$2y$10$92IXUNpkjO0rOQ5byMi.Ye4oKoEa3Ro9llC/.og/at2.uheWG/igi','2002-02-23 18:21:15','bBXaEVq4zQ','2022-10-19 11:33:07','2022-10-19 11:33:07',NULL),(29,'Lesley','Feil','1-813-273-3619','cecilia.ruecker@example.net','img/profile-default.png','2022-10-19 11:33:07','$2y$10$92IXUNpkjO0rOQ5byMi.Ye4oKoEa3Ro9llC/.og/at2.uheWG/igi','2001-07-21 05:45:03','pWc6o1GtpX','2022-10-19 11:33:07','2022-10-19 11:33:07',NULL),(30,'Jessyca','Bins','+1-609-742-6102','suzanne.larkin@example.net','img/profile-default.png','2022-10-19 11:33:07','$2y$10$92IXUNpkjO0rOQ5byMi.Ye4oKoEa3Ro9llC/.og/at2.uheWG/igi','2004-10-08 01:09:58','joAWNGvdlk','2022-10-19 11:33:07','2022-10-19 11:33:07',NULL),(31,'Isidro','Erdman','956-504-7340','brandon67@example.net','img/profile-default.png','2022-10-19 11:33:07','$2y$10$92IXUNpkjO0rOQ5byMi.Ye4oKoEa3Ro9llC/.og/at2.uheWG/igi','1998-08-29 22:44:28','99eT9DCdvM','2022-10-19 11:33:07','2022-10-19 11:33:07',NULL),(32,'Citlalli','Schuppe','331-729-4626','hill.billie@example.org','img/profile-default.png','2022-10-19 11:33:07','$2y$10$92IXUNpkjO0rOQ5byMi.Ye4oKoEa3Ro9llC/.og/at2.uheWG/igi','1945-03-16 03:20:16','74uC8B5Bnn','2022-10-19 11:33:07','2022-10-19 11:33:07',NULL),(33,'Virgil','Bogisich','+1 (406) 586-3015','xprosacco@example.org','img/profile-default.png','2022-10-19 11:33:07','$2y$10$92IXUNpkjO0rOQ5byMi.Ye4oKoEa3Ro9llC/.og/at2.uheWG/igi','1969-05-09 12:54:50','uj3y0N3YOQ','2022-10-19 11:33:07','2022-10-19 11:33:07',NULL),(34,'Parker','Romaguera','(323) 729-0842','greenholt.jayce@example.org','img/profile-default.png','2022-10-19 11:33:07','$2y$10$92IXUNpkjO0rOQ5byMi.Ye4oKoEa3Ro9llC/.og/at2.uheWG/igi','1964-12-07 10:39:03','8ovLOveJRw','2022-10-19 11:33:07','2022-10-19 11:33:07',NULL),(35,'Madelyn','Krajcik','+1-928-955-7280','carley70@example.net','img/profile-default.png','2022-10-19 11:33:07','$2y$10$92IXUNpkjO0rOQ5byMi.Ye4oKoEa3Ro9llC/.og/at2.uheWG/igi','1978-11-26 12:10:59','J5c9fk6kYs','2022-10-19 11:33:07','2022-10-19 11:33:07',NULL),(36,'Carmel','Aufderhar','609.985.7894','jmills@example.net','img/profile-default.png','2022-10-19 11:33:07','$2y$10$92IXUNpkjO0rOQ5byMi.Ye4oKoEa3Ro9llC/.og/at2.uheWG/igi','1998-10-09 10:58:52','rZGw3sY4MU','2022-10-19 11:33:07','2022-10-19 11:33:07',NULL),(37,'Dell','Grimes','308.947.0589','hickle.dortha@example.net','img/profile-default.png','2022-10-19 11:33:07','$2y$10$92IXUNpkjO0rOQ5byMi.Ye4oKoEa3Ro9llC/.og/at2.uheWG/igi','1967-03-20 00:43:47','SyKl56xaOr','2022-10-19 11:33:07','2022-10-19 11:33:07',NULL),(38,'Gaetano','Von','458.257.3029','kiarra32@example.net','img/profile-default.png','2022-10-19 11:33:07','$2y$10$92IXUNpkjO0rOQ5byMi.Ye4oKoEa3Ro9llC/.og/at2.uheWG/igi','1978-04-30 15:29:03','55ANbwXs65','2022-10-19 11:33:07','2022-10-19 11:33:07',NULL),(39,'Jensen','Schaefer','+1.682.709.5625','braun.hector@example.org','img/profile-default.png','2022-10-19 11:33:07','$2y$10$92IXUNpkjO0rOQ5byMi.Ye4oKoEa3Ro9llC/.og/at2.uheWG/igi','1927-05-02 10:36:42','GF9cI0CDQS','2022-10-19 11:33:07','2022-10-19 11:33:07',NULL),(40,'Easton','Schoen','+1 (704) 803-5756','felicity89@example.org','img/profile-default.png','2022-10-19 11:33:07','$2y$10$92IXUNpkjO0rOQ5byMi.Ye4oKoEa3Ro9llC/.og/at2.uheWG/igi','1969-01-11 01:42:24','o3u9axOVqe','2022-10-19 11:33:07','2022-10-19 11:33:07',NULL),(41,'Adriana','Leffler','463-640-4820','brenden.labadie@example.org','img/profile-default.png','2022-10-19 11:33:07','$2y$10$92IXUNpkjO0rOQ5byMi.Ye4oKoEa3Ro9llC/.og/at2.uheWG/igi','1959-10-02 22:40:13','pfZTo6aypP','2022-10-19 11:33:07','2022-10-19 11:33:07',NULL),(42,'Ethel','Hegmann','484.689.6011','snitzsche@example.com','img/profile-default.png','2022-10-19 11:33:07','$2y$10$92IXUNpkjO0rOQ5byMi.Ye4oKoEa3Ro9llC/.og/at2.uheWG/igi','1964-02-11 06:45:32','9sT7gbKWf6','2022-10-19 11:33:07','2022-10-19 11:33:07',NULL),(43,'Carmelo','Zemlak','+1-518-591-8617','conroy.dianna@example.net','img/profile-default.png','2022-10-19 11:33:07','$2y$10$92IXUNpkjO0rOQ5byMi.Ye4oKoEa3Ro9llC/.og/at2.uheWG/igi','1993-10-20 07:50:31','PMkKhRr1cd','2022-10-19 11:33:07','2022-10-19 11:33:07',NULL),(44,'Desmond','Beier','+1-601-875-2026','treutel.delfina@example.com','img/profile-default.png','2022-10-19 11:33:07','$2y$10$92IXUNpkjO0rOQ5byMi.Ye4oKoEa3Ro9llC/.og/at2.uheWG/igi','1937-11-04 20:34:21','jGgS59poaG','2022-10-19 11:33:07','2022-10-19 11:33:07',NULL),(45,'Jerrold','Bednar','1-413-909-7727','talon91@example.com','img/profile-default.png','2022-10-19 11:33:07','$2y$10$92IXUNpkjO0rOQ5byMi.Ye4oKoEa3Ro9llC/.og/at2.uheWG/igi','1976-02-17 08:41:19','CC8TSrY7dk','2022-10-19 11:33:07','2022-10-19 11:33:07',NULL),(46,'Oran','Grady','1-689-882-6981','bruen.fabiola@example.org','img/profile-default.png','2022-10-19 11:33:07','$2y$10$92IXUNpkjO0rOQ5byMi.Ye4oKoEa3Ro9llC/.og/at2.uheWG/igi','1943-04-08 11:38:16','6aBh2aSNk7','2022-10-19 11:33:07','2022-10-19 11:33:07',NULL),(47,'Breana','Hahn','+1-847-565-3945','alva.oreilly@example.com','img/profile-default.png','2022-10-19 11:33:07','$2y$10$92IXUNpkjO0rOQ5byMi.Ye4oKoEa3Ro9llC/.og/at2.uheWG/igi','1938-04-09 17:25:21','BbMZm1SBnM','2022-10-19 11:33:07','2022-10-19 11:33:07',NULL),(48,'Jerod','Wunsch','478.625.0815','dorothy.goodwin@example.org','img/profile-default.png','2022-10-19 11:33:07','$2y$10$92IXUNpkjO0rOQ5byMi.Ye4oKoEa3Ro9llC/.og/at2.uheWG/igi','1948-01-26 21:27:58','Yy4GxIi4Kc','2022-10-19 11:33:07','2022-10-19 11:33:07',NULL),(49,'Ona','Wolff','724-543-8768','vernice79@example.org','img/profile-default.png','2022-10-19 11:33:07','$2y$10$92IXUNpkjO0rOQ5byMi.Ye4oKoEa3Ro9llC/.og/at2.uheWG/igi','1951-11-12 12:31:55','keKdfjF94T','2022-10-19 11:33:07','2022-10-19 11:33:07',NULL),(50,'Alphonso','Walker','+1 (267) 324-3795','rosanna52@example.org','img/profile-default.png','2022-10-19 11:33:07','$2y$10$92IXUNpkjO0rOQ5byMi.Ye4oKoEa3Ro9llC/.og/at2.uheWG/igi','1944-07-03 09:45:07','tZkQAiH9t0','2022-10-19 11:33:07','2022-10-19 11:33:07',NULL),(51,'Sayem','Prodhan Ananta','01796926131','6@example.org','img/profile-default.png','2022-10-20 04:34:35','$2y$10$92IXUNpkjO0rOQ5byMi.Ye4oKoEa3Ro9llC/.og/at2.uheWG/igi','2022-10-02 00:00:00',NULL,'2022-10-19 16:04:32','2022-10-20 04:34:35',NULL),(54,'Saklain','Sarowor','09812345612','78@gmail.com','img/profile-default.png',NULL,'$2y$10$HnysYwHgaq2BdXg9/bQcf.18fbr3PA2n4LmBJRY6IVpEWbbvxwC4G','2022-10-11 00:00:00',NULL,'2022-10-19 18:49:19','2022-10-19 18:49:19',NULL);
/*!40000 ALTER TABLE `users` ENABLE KEYS */;
UNLOCK TABLES;
/*!40103 SET TIME_ZONE=@OLD_TIME_ZONE */;

/*!40101 SET SQL_MODE=@OLD_SQL_MODE */;
/*!40014 SET FOREIGN_KEY_CHECKS=@OLD_FOREIGN_KEY_CHECKS */;
/*!40014 SET UNIQUE_CHECKS=@OLD_UNIQUE_CHECKS */;
/*!40101 SET CHARACTER_SET_CLIENT=@OLD_CHARACTER_SET_CLIENT */;
/*!40101 SET CHARACTER_SET_RESULTS=@OLD_CHARACTER_SET_RESULTS */;
/*!40101 SET COLLATION_CONNECTION=@OLD_COLLATION_CONNECTION */;
/*!40111 SET SQL_NOTES=@OLD_SQL_NOTES */;

-- Dump completed on 2022-10-20 11:51:42
